fivemer,RBP
AAAAA,"PABP,Tb_0253,Syncrip,SART3,PABPC4,PABPC1,Nab2p,Lm_0255,Hnrnpr,NUPL2,PABPN1L"
AAAAC,"PABP,PABPC3,IGF2BP3,IGF2BP2,NUPL2"
AAAAG,"KHDRBS1,NUPL2,PABPN1L"
AAAAU,"PABP,NUPL2,PABPN1L"
AAAGG,NUPL2
AAAUA,NUPL2
AAAUC,IGF2BP3
AAAUG,NUPL2
AAAUU,"CG17838,A1CF,RBM47"
AACAA,Lm_0255
AACAC,IGF2BP3
AACCC,"PCBP1,PCBP2"
AACCU,Pp_0206
AACGA,CG2950
AACUA,Rbm42
AACUC,IGF2BP3
AAGAA,"TRA2,NUPL2,TRA2A"
AAGGA,RBM5
AAGUU,DAZ3
AAUAA,"A1CF,KHDRBS2,KHDRBS3,NUPL2,PRR3,RBM47"
AAUAC,"IGF2BP3,IGF2BP2"
AAUAG,"HNRNPA0,MSI1,UNK"
AAUCA,"A1CF,RBM47"
AAUCU,RBM47
AAUGA,"RIN,A1CF"
AAUGU,CELF1
AAUUA,"ZCRB1,A1CF,HNRNPD,RBM47,TRNAU1AP"
AAUUC,IGF2BP3
AAUUU,TRNAU1AP
ACAAC,YBX2
ACACA,"CNOT4,HNRNPL,IGF2BP2,RBM45"
ACACC,RBM45
ACACG,Tp_0225
ACAGA,CNOT4
ACAGC,CNOT4
ACAGU,CNOT4
ACAUA,"CNOT4,HNRNPL,NOVA1,RBMS2"
ACAUC,"YBX2,YBX1"
ACAUU,HNRNPL
ACCCA,An_0265
ACCCC,"PCBP1,PCBP2,PCBP4"
ACCCU,MUB
ACCGG,RBM22
ACCUA,An_0265
ACGAA,RBM45
ACGAC,"Rbm4.3,RBM45,SRSF7,FXR1"
ACGCA,RBM45
ACGCC,RBM45
ACGCG,"RBM45,RBM4B"
ACGCU,RBM45
ACGGG,RBM4B
ACGUU,DAZ3
ACUAA,"RBM42,CG2931,An_0287,KHDRBS2"
ACUAC,"RBM42,An_0287,RBM45"
ACUAG,UNK
ACUUA,ZCRB1
AGAAA,TRA2A
AGACA,ENOX1
AGAGG,SRSF11
AGAUA,HNRNPAB
AGCAC,"NCU08034,MEC-8,CPO,SNRPA"
AGCAG,"SRSF10,SRSF2,SRSF4,SRSF8"
AGCCC,PCBP1
AGCUU,MBNL1
AGGAA,SRSF9
AGGAC,"SRSF1,FMR1"
AGGAG,"SRSF11,SRSF9"
AGGGA,"HNRNPF,SRSF11,SRSF9"
AGGGG,"ESRP1,EWSR1,HNRNPA2B1,HNRNPF,HNRNPH2,ILF2,RBM25,SRSF11,TAF15"
AGGGU,HNRNPF
AGGUA,DAZAP1
AGGUG,EWSR1
AGGUU,HRB27C
AGUAA,"MSI1,SFPQ"
AGUAG,"MSI1,RBM28"
AGUGU,Rbm24
AGUUA,"MSI1,DAZ3"
AGUUG,MSI1
AGUUU,DAZ3
AUAAA,"KHDRBS3,KHDRBS2,PRR3"
AUAAC,"KHDRBS2,PRR3,SF1"
AUAAG,PRR3
AUAAU,"A1CF,KHDRBS2,RBM47,SF1"
AUACA,"MAL13P1.35,HNRNPL,IGF2BP1,IGF2BP2"
AUACG,RBM3
AUAGA,"MSI1,UNK"
AUAGG,HNRNPA0
AUAGU,"Tb_0216,DAZAP1,MSI1"
AUAUA,"Hrp1p,RBMS3,RBMS1,DAZAP1,HNRNPD,PUM1,RBMS2"
AUAUU,"SHEP,RC3H1"
AUCAA,"SNRNP70K,SNRNP70,RBM46"
AUCAC,NOVA1
AUCAU,NOVA1
AUCCA,RBM6
AUCCC,"PCBP1,PCBP2,PCBP4"
AUCCU,PCBP4
AUCUU,MATR3
AUGAA,"RBM47,Rbm47,RBM46,PRR3,TRA2A"
AUGAC,FXR1
AUGAG,"PUF68,PRR3"
AUGAU,"RBM47,Rbm47"
AUGCG,CG7903
AUGGA,"MOD,Pp_0237"
AUGGG,"PUF68,HNRNPF"
AUGUA,Hrp1p
AUGUU,"CELF1,DAZ3"
AUUAA,"KHDRBS2,KHDRBS3,PRR3,ZCRB1"
AUUAC,PRR3
AUUAG,"HNRNPA0,MSI1,PRR3,UNK"
AUUAU,"FUBP3,RC3H1"
AUUCC,ZNF326
AUUGU,Tb_0216
AUUUA,"HNRNPD,RBMS2,RC3H1,TRNAU1AP"
AUUUU,"Ng_0261,CPEB2,BOLL,ELAVL4,HNRNPC,HNRNPCL1,RALYL,RBM15B,TRNAU1AP"
CAAAA,"Sf3b4,NUPL2"
CAAAC,"IGF2BP3,IGF2BP2,HNRNPK"
CAAAG,NUPL2
CAAAU,HNRNPR
CAACA,"RBP1,IGF2BP2"
CAACC,HNRNPK
CAACG,RBP1
CAAUA,Tv_0226
CAAUC,IGF2BP3
CACAA,"HNRNPL,CNOT4"
CACAC,"SM,IGF2BP3,HNRPLL,HNRNPL,SNRPA"
CACAG,CNOT4
CACAU,"CNOT4,HNRNPL"
CACGA,HNRNPL
CACGC,HNRNPK
CACUC,IGF2BP3
CAGAA,TRA2A
CAGAU,CG14718
CAGCA,"PFI1695c,SRSF10"
CAGCG,ZC3H10
CAGUU,DAZ3
CAUAA,"NOVA1,PRR3"
CAUAC,"IGF2BP3,IGF2BP2,NOVA1"
CAUAG,UNK
CAUAU,"NOVA1,RBMS2,RC3H1"
CAUCA,NOVA1
CAUUA,NOVA1
CAUUC,"IGF2BP3,NOVA1"
CAUUU,"ROX8,Lm_0212,NOVA1"
CCACC,RBM6
CCAUA,NOVA1
CCAUC,NOVA1
CCAUG,Tv_0259
CCCAC,PCBP2
CCCCA,"PCBP1,PCBP2,PCBP4"
CCCCC,"PCBP1,PCBP2,PCBP4,RBM23"
CCCCG,"PCBP1,PCBP2"
CCCCU,PCBP2
CCCUC,PCBP2
CCGAA,TRA2A
CCGCC,PCBP1
CCUCC,"PCBP4,RBM23,RBM6"
CGACG,RSF1
CGCAC,SNRPA
CGCCC,PCBP1
CGCCG,EIF4G2
CGCGC,"LARK,RBM4,PPRC1,RBM8A,MBNL1"
CGCGG,"RBM4,RBM4B"
CGCGU,"RBM4,RBM4B"
CGCUA,MBNL1
CGCUU,MBNL1
CGGAC,"FMR1,ZNF326"
CGGGG,RBM4B
CGGUA,RBM4B
CGUCC,RBM6
CGUUA,DAZ3
CGUUU,DAZ3
CUAAA,"PFF0320c,KHDRBS2,KHDRBS3"
CUAAC,"HOW,QKI,SF1,PCBP1,RBM45"
CUAAU,"PFF0320c,SF1,A1CF"
CUAGG,HNRNPA0
CUAUA,"RBMS2,RBMS3"
CUAUC,"PCBP1,PTBP3"
CUAUG,RC3H1
CUCAU,NOVA1
CUCCC,PCBP2
CUGAA,TRA2A
CUGAC,RBM45
CUGCA,PFI1695c
CUGGA,SAMD4A
CUGGC,SAMD4A
CUUAA,ZCRB1
CUUAC,"PCBP1,RBM45"
CUUAG,"HNRNPA0,UNK"
CUUCC,PCBP2
CUUCU,PTBP3
CUUUC,"PCBP1,PTBP1,PTBP3"
CUUUU,"BOLL,HNRNPC,PTBP3,RALYL,RBM15B,RBM24"
GAAAA,"PABPC5,Tv_0257,Tb_0253,SART3,PABPC1,TRA2A"
GAACA,Ot_0263
GAACG,Lm_0254
GAAGA,"PABPN1,TRA2A"
GAAGC,TRA2A
GAAGG,"Tb_0230,SRSF9,REF2"
GAAUA,TRA2A
GAAUG,TARDBP
GACAA,"FXR2,FMR1"
GACAC,Nv_0278
GACAG,"Nv_0278,FXR2,FMR1"
GACGA,"FXR2,CG2950"
GACGC,RBM45
GACGG,FXR2
GACGU,ANKHD1
GAGAA,"SRSF10,RNP4F"
GAGAC,SRSF10
GAGAG,SRSF10
GAGGA,"NCU02404,SRSF1"
GAGGG,"SRSF1,B52"
GAGUA,CG11360
GAGUG,"RBM24,TARDBP"
GAUAC,"TUT1,Nv_0278"
GAUAG,Nv_0278
GAUCG,ZNF326
GAUGA,RIN
GAUGG,SRSF9
GCACA,SNRPA
GCACG,"RBFOX2,RBFOX3,SNRPA"
GCAGC,"MBNL1,SRSF10,SRSF2,SRSF5,SRSF8"
GCAGU,SRSF8
GCAUG,"RBFOX1,FOX-1,EIF-2ALPHA,ASD-1,RBFOX2,RBFOX3"
GCCCA,"HNRNPK,PCBP1"
GCCCC,"PCBP1,PCBP2,SRSF5"
GCCGC,"MBNL1,SRSF8"
GCGAG,EIF4G2
GCGCA,"MBNL1,RBM4,SRSF10"
GCGCC,SRSF5
GCGCG,"FUS,RBM4,RBM4B"
GCGCU,RBM4
GCGGG,RBM4B
GCGGU,RBM4B
GCGUA,RBM4
GCGUG,"RBM24,RBM4"
GCUGC,"MBNL1,SRSF8"
GCUGG,Vts1p
GCUUG,MBNL1
GGACG,ZNF326
GGAGA,"SRSF2,LIN28A"
GGAGC,SRSF9
GGAGG,"PF10_0068,SRSF9,SF2,LIN28A,HNRNPH2"
GGAGU,SRSF2
GGAUA,G3BP2
GGAUG,"G3BP2,ZNF326"
GGCGC,PPRC1
GGCGU,CG33714
GGGAA,SRSF9
GGGAC,ZNF326
GGGAG,"HNRNPF,ILF2"
GGGGA,"RO3G_00049,ESRP2,HNRNPF,HNRNPH2,ILF2,RBM25"
GGGGC,"ILF2,RBM25"
GGGGG,"ESRP1,EWSR1,FUS,HNRNPA2B1,HNRNPF,HNRNPH2,ILF2,RBM24,RBM25,TAF15"
GGGGU,"ESRP1,HNRNPF,HNRNPH2,RBM25"
GGGUA,"HNRNPA2B1,ILF2,TAF15"
GGGUG,"CG7804,ESRP1,EWSR1,ILF2,RBM25"
GGUCG,EIF4G2
GGUGG,"SRSF9,ESRP1,FUS,ILF2,TAF15"
GUAAA,PUM
GUAAG,SFPQ
GUAAU,"PUM,SFPQ"
GUACA,PUM
GUAGA,Tb_0252
GUAGG,"MSI,HRB98DE,HRB87F"
GUAGU,MSI
GUAUA,"PUM,RBMS2,RBMS3"
GUAUG,TARDBP
GUCCC,"PCBP1,PCBP4,RBM6"
GUCGG,PCBP4
GUGAG,BRUNOL6
GUGAU,BRUNOL6
GUGGA,MOD
GUGGG,"BRUNOL6,HNRNPF,HNRNPH2"
GUGGU,BRUNOL6
GUGUG,"RBM24,SUP-12,PAPI,CG7804,BRUNOL6,BRUNOL5,BRUNOL4,At_0284,ARET,TARDBP"
GUGUU,"BRUNOL6,BOLL,RBM24"
GUUAG,HNRNPA0
GUUAU,"Tb_0218,DAZ3"
GUUCG,ZNF638
GUUGC,EIF4G2
GUUGG,ZNF638
GUUGU,UNC-75
GUUUA,DAZ3
GUUUG,"Tv_0258,RBM24"
GUUUU,"Pp_0229,BOLL,DAZ3,ELAVL4,RBM24"
UAAAA,"KHDRBS1,HNRNPDL,KHDRBS2,KHDRBS3,NUPL2"
UAAAC,"KHDRBS2,KHDRBS3"
UAAAU,"FUBP3,HNRNPDL,KHDRBS2,PUM1"
UAACA,"KHDRBS2,SF1"
UAACC,SF1
UAACU,SF1
UAAGU,EXC-7
UAAUA,"MEX-5,QKR58E-1,A1CF,DAZAP1,HNRNPD,HNRNPDL,KHDRBS2,KHDRBS3,SF1,ZFP36"
UAAUC,SF1
UAAUU,"A1CF,ELAVL4,HNRNPDL,RBM47,SF1"
UACAC,"Lm_0223,HNRNPL"
UACAU,"RBM41,PF13_0315,MAL8P1.40,HNRNPL"
UACCC,"PCBP1,PCBP2"
UACCG,"PF10_0214,RBM22"
UACGC,RBM45
UACGU,RBM41
UACUU,"RBM41,CG5213"
UAGAA,MSI1
UAGAU,MSI1
UAGCA,"PFI1695c,MSI1,UNK"
UAGCU,"MSI1,UNK"
UAGGA,SRP54
UAGGG,"HNRNPA1,HNRNPA1L2,HNRNPA2B1,SRP54"
UAGGU,"SRP54,UNK"
UAGUA,"MSI1,UNK"
UAGUG,SFPQ
UAGUU,"SFPQ,DAZ3,MSI1,UNK"
UAUAA,"SUP-26,DAZAP1,KHDRBS3,PRR3,RBMS2,RBMS3"
UAUAC,"Tb_0219,RBMS2,RBMS3"
UAUAG,"DAZAP1,HNRNPA0,MSI1,RBMS2,RBMS3,UNK"
UAUAU,"SUP-26,RBMS3,DAZAP1,FUBP3,HNRNPDL,KHSRP,PUM1,RBMS2,RC3H1,ZFP36"
UAUCC,Pcbp2
UAUGU,"CELF1,FUBP1,FUBP3"
UAUUA,"SUP-26,SHEP,HNRNPD,PRR3,RBMS2,RBMS3,ZFP36"
UAUUU,"SUP-26,SHEP,HuR,FUBP1,FUBP3,RBM15B,ZFP36"
UCAAC,RBP1-LIKE
UCACA,NOVA1
UCAGC,RBP1-LIKE
UCAUA,NOVA1
UCAUC,RBP1-LIKE
UCCAC,RBM6
UCCAG,SRSF2
UCCCC,"PCBP1,PCBP2"
UCCGG,RBM22
UCGGG,RBM4B
UCUAU,PTBP3
UCUCU,"PTBP3,PUF60"
UCUUU,"PTBP3,PUF60"
UGAUU,RBM47
UGCAC,"Pr_0249,SNRPA,MEC-8,CPO"
UGCAG,"SRSF10,SRSF2,SRSF8"
UGCAU,A2BP1
UGCCC,PCBP1
UGCGU,RBM4
UGCUA,MBNL1
UGCUU,MBNL1
UGGAC,FMR1
UGGAG,SRSF9
UGGGG,"HNRNPF,HNRNPH2,ILF2"
UGGGU,HNRNPF
UGGUG,"SFPQ,BRU-3"
UGGUU,"SFPQ,HuR"
UGUAA,"PUM1,SFPQ"
UGUAC,PUM1
UGUAG,RBM28
UGUAU,"FUBP1,KHSRP,PUM1"
UGUCC,CELF1
UGUCU,CELF1
UGUGU,"Rbm38,RBM38,Rbm24,CELF1"
UGUUA,"BOLL,DAZ3"
UGUUG,Tb_0217
UGUUU,"BOLL,CELF1,DAZ3,FUBP1,KHSRP,PUF60"
UUAAA,"KHDRBS2,KHDRBS3,ZCRB1"
UUAAC,SF1
UUAAU,"A1CF,FUBP3,KHDRBS2,SF1,ZCRB1"
UUACA,MAL13P1.35
UUAGA,"HNRNPA0,MSI1"
UUAGC,"HNRNPA0,UNK"
UUAGG,"HNRNPA0,UNK"
UUAGU,"FNE,HNRNPA0,MSI1,UNK"
UUAUA,"HNRNPD,RBMS2,RBMS3,RC3H1"
UUAUU,"BOLL,ELAVL4,FUBP1,KHSRP,RBM15B,RC3H1,TIA1,TRNAU1AP"
UUCAA,SNRNP70
UUCAC,"Tb_0251,SNRPA"
UUCAU,NOVA1
UUCCC,"PCBP2,PCBP4"
UUCCG,PF10_0214
UUCCU,PCBP4
UUCUU,RALYL
UUGCA,"SNF,PFI1695c"
UUGCG,CG7903
UUGGU,"RBP9,FNE,ELAV"
UUGUG,"ETR-1,ARET"
UUGUU,"ZC3H14,HuR,ELAV,BOLL,CELF1,DAZ3"
UUUAA,"KHDRBS2,KHDRBS3,RBM15B,TRNAU1AP,ZCRB1"
UUUAG,"HNRNPA0,MSI1,UNK"
UUUAU,"BOLL,ELAVL4,FUBP3,RBM15B,TRNAU1AP"
UUUCC,"Pcbp2,PCBP3"
UUUCU,"Tb_0220,PTBP3,PUF60"
UUUGG,ORB2
UUUGU,"ORB2,FNE,ELAV,CELF1"
UUUUA,"BOLL,CPEB1,ELAVL4,HNRNPCL1,HNRNPD,RALYL,RBM15B,RBM24,RC3H1,TIA1,TRNAU1AP"
UUUUC,"PTBP1,BOLL"
UUUUG,"Tb_0217,ETR-1,BOLL"
UUUUU,"Smp_067420,U2AF50,U2AF2,Tv_0236,TIAR-3,TIAR-1,TIA1,SXL,RALY,Pp_0228,PFI1435w,Ot_0262,HuR,HNRNPCL1,HNRNPC,ELAV,CPEB4,CPEB2,BOLL,CPEB1,DAZ3,ELAVL4,FUBP1,FUBP3,KHSRP,PUF60,RALYL,RBM15B,RBM24,TRNAU1AP"
