mir,sevenmer
let-7-5p/98-5p,CUACCUC
let-7a-2-3p/let-7g-3p,CUGUACA
let-7a-3p/let-7b-3p/let-7f-1-3p/98-3p,UUGUAUA
let-7c-3p,UUGUACA
let-7d-3p,UCGUAUA
let-7e-3p,CCGUAUA
let-7f-2-3p/1185-3p,CUGUAUA
let-7i-3p,UUGCGCA
miR-1-3p/206,ACAUUCC
miR-1-5p,AAGUAUG
miR-7-3p,AUUUGUU
miR-7-5p,GUCUUCC
miR-9-3p,AGCUUUA
miR-9-5p,ACCAAAG
miR-10-5p,ACAGGGU
miR-10a-3p,CGAAUUU
miR-10b-3p,GAAUCUG
miR-15-5p/16-5p/195-5p/424-5p/497-5p,UGCUGCU
miR-15a-3p,AUGGCCU
miR-15b-3p,AUGAUUC
miR-16-1-3p,AAUACUG
miR-16-2-3p/195-3p,AAUAUUG
miR-17-3p,ACUGCAG
miR-17-5p/20-5p/93-5p/106-5p/519-3p,GCACUUU
miR-18-5p,GCACCUU
miR-18a-3p,AGGGCAG
miR-18b-3p,UUAGGGC
miR-19-3p,UUUGCAC
miR-19-5p,GCAAAAC
miR-20a-3p,AAUGCAG
miR-20b-3p,ACUACAG
miR-21-3p/3591-3p,UGGUGUU
miR-21-5p/590-5p,AUAAGCU
miR-22-3p,GGCAGCU
miR-22-5p,GAAGAAC
miR-23-3p,AAUGUGA
miR-23-5p,GGAACCC
miR-24-3p,CUGAGCC
miR-24-5p,AGUAGGC
miR-25-3p/32-5p/92-3p/363-3p/367-3p,GUGCAAU
miR-25-5p,CUCCGCC
miR-26-3p,AGAAUAG
miR-26-5p,UACUUGA
miR-26b-3p,AGAACAG
miR-27-3p,ACUGUGA
miR-27a-5p,UAAGCCC
miR-27b-5p,UAAGCUC
miR-28-3p,AUCUAGU
miR-28-5p/708-5p,AGCUCCU
miR-29-3p,UGGUGCU
miR-29a-5p,AAAUCAG
miR-29b-1-5p,AAACCAG
miR-29b-2-5p,GAAACCA
miR-29c-5p,AUCGGUC
miR-30-3p,ACUGAAA
miR-30-5p,UGUUUAC
miR-30b-3p/1273h-5p/3689-3p/6779-5p/6780a-5p,CCUCCCA
miR-30c-3p/6788-5p,UCUCCCA
miR-31-3p,GCAUAGC
miR-31-5p,UCUUGCC
miR-32-3p,CUAAAUU
miR-33-5p,CAAUGCA
miR-33a-3p,AAACAUU
miR-33b-3p/515-3p/519e-3p,AGGCACU
miR-34-5p/449-5p,CACUGCC
miR-34a-3p,GCUGAUU
miR-34b-3p,AGUGAUU
miR-34b-5p/449c-5p,ACUGCCU
miR-34c-3p,UAGUGAU
miR-92a-1-5p,CCCAACC
miR-92a-2-5p,CCCCACC
miR-92b-5p,CCGUCCC
miR-93-3p,UCAGCAG
miR-95-3p,CCGUUGA
miR-95-5p,UUUAUUG
miR-96-3p,ACAUGAU
miR-96-5p/1271-5p,GUGCCAA
miR-99-3p,CGAGCUU
miR-99-5p/100-5p,UACGGGU
miR-100-3p,CAAGCUU
miR-101-3p.1,GUACUGU
miR-101-3p.2,UACUGUA
miR-101-5p,GAUAACU
miR-103-3p/107,AUGCUGC
miR-103a-2-5p,AAGAAGC
miR-103b,GGCUAUG
miR-105-3p,ACAUCCG
miR-105-5p,GCAUUUG
miR-106a-3p,CAUUGCA
miR-106b-3p,CAGUGCG
miR-122-3p,AUGGCGU
miR-122-5p,ACACUCC
miR-124-3p.1,GUGCCUU
miR-124-3p.2/506-3p,UGCCUUA
miR-124-5p,UGAACAC
miR-125-5p,CUCAGGG
miR-125a-3p,UCACCUG
miR-125b-1-3p,UAACCCG
miR-125b-2-3p,ACUUGUG
miR-126-3p.1,CGGUACG
miR-126-3p.2,ACGGUAC
miR-126-5p,UAAUAAU
miR-127-3p,GGAUCCG
miR-127-5p,AGCUUCA
miR-128-1-5p,CGGCCCC
miR-128-3p,CACUGUG
miR-129-3p,AAGGGCU
miR-129-5p,GCAAAAA
miR-130-3p/301-3p/454-3p,UUGCACU
miR-130b-5p,GAAAGAG
miR-132-3p/212-3p,GACUGUU
miR-132-5p,GCCACGG
miR-133a-3p.1,GGGACCA
miR-133a-3p.2/133b,GGACCAA
miR-133a-5p,UACCAGC
miR-134-3p,CCCACAG
miR-134-5p,CAGUCAC
miR-135-5p,AAGCCAU
miR-135a-3p,UCCCUAU
miR-135b-3p,CCCUACA
miR-136-3p,CGAUGAU
miR-136-5p,AAUGGAG
miR-137,AGCAAUA
miR-138-1-3p,GAAGUAG
miR-138-2-3p,GAAAUAG
miR-138-5p,CACCAGC
miR-139-3p,CGUCUCC
miR-139-5p,ACUGUAG
miR-140-3p.1,CCUGUGG
miR-140-3p.2,CUGUGGU
miR-140-5p,AACCACU
miR-141-3p/200a-3p,CAGUGUU
miR-141-5p,GGAAGAU
miR-142-3p.1,ACACUAC
miR-142-3p.2,AACACUA
miR-142-5p,ACUUUAU
miR-143-3p,UCAUCUC
miR-143-5p,ACUGCAC
miR-144-3p,AUACUGU
miR-144-5p,UGAUAUC
miR-145-3p,AGGAAUC
miR-145-5p,AACUGGA
miR-146-5p,AGUUCUC
miR-146a-3p,UUCAGAG
miR-146b-3p,ACAGGGC
miR-147a,CCACACA
miR-147b,CCGCACA
miR-148-3p/152-3p,UGCACUG
miR-148a-5p,AGAACUU
miR-148b-5p/6874-3p,CAGAACU
miR-149-3p/4728-5p/6785-5p/6883-5p,CCCUCCC
miR-149-5p,GAGCCAG
miR-150-3p,UGUACCA
miR-150-5p,UUGGGAG
miR-151-3p,CAGUCUA
miR-151-5p,CUCCUCG
miR-152-5p,CAGAACC
miR-153-3p,CUAUGCA
miR-153-5p,AAAAAUG
miR-154-3p/487-3p,GUAUGAU
miR-154-5p,AUAACCU
miR-155-3p,UGUAGGA
miR-155-5p,AGCAUUA
miR-181-3p/4420,UCAGUGA
miR-181-5p,UGAAUGU
miR-181a-2-3p,UCAGUGG
miR-181a-3p,UCGAUGG
miR-181c-3p,CGAUGGU
miR-181d-3p,CCCGGUG
miR-182-3p,UAGAACC
miR-182-5p,UUGCCAA
miR-183-3p,UAAUUCA
miR-183-5p.1,GUGCCAU
miR-183-5p.2,AGUGCCA
miR-184,UCCGUCC
miR-185-3p,CAGCCCC
miR-185-5p,UCUCUCC
miR-186-3p,CUUUGGG
miR-186-5p,AUUCUUU
miR-187-3p,AGACACG
miR-187-5p,UUGUAGC
miR-188-3p,UGUGGGA
miR-188-5p,AAGGGAU
miR-190-5p,ACAUAUC
miR-190a-3p,AUAUAUA
miR-191-3p,AGCGCAG
miR-191-5p,UUCCGUU
miR-192-3p,AUUGGCA
miR-192-5p/215-5p,UAGGUCA
miR-193-3p,GGCCAGU
miR-193a-5p,AAGACCC
miR-193b-5p,AAACCCC
miR-194-3p,CCCACUG
miR-194-5p,CUGUUAC
miR-196-5p,ACUACCU
miR-196a-3p,UGUUGCC
miR-196b-3p,GCUGUCG
miR-197-3p,GUGGUGA
miR-197-5p/3132,UCUACCC
miR-198,UCUGGAC
miR-199-3p,ACUACUG
miR-199-5p,ACACUGG
miR-200bc-3p/429,CAGUAUU
miR-200ab-5p,GUAAGAU
miR-200c-5p/550a-3p,GUAAGAC
miR-202-3p,AUACCUC
miR-202-5p,CAUAGGA
miR-203a-3p.1,ACAUUUC
miR-203a-3p.2,CAUUUCA
miR-203a-5p,GAACCAC
miR-203b-3p,CAGUUCA
miR-203b-5p/6718-5p,GACCACU
miR-204-3p/4646-5p,UUCCCAG
miR-204-5p/211-5p,AAAGGGA
miR-205-3p,CUGAAAU
miR-205-5p,AUGAAGG
miR-208-3p,CGUCUUA
miR-208-5p,AAAAGCU
miR-210-3p,ACGCACA
miR-210-5p,CAGGGGC
miR-211-3p,GUCCCUG
miR-212-5p,GCCAAGG
miR-214-3p/3619-5p,CCUGCUG
miR-214-5p,GACAGGC
miR-215-3p,AUGACAG
miR-216a-5p,UGAGAUU
miR-216b-5p,AGAGAUU
miR-216b-3p,AAGUGUG
miR-217,AUGCAGU
miR-218-1-3p,GGAACCA
miR-218-2-3p,GAACCAU
miR-218-5p,AAGCACA
miR-219-5p,GACAAUC
miR-219a-1-3p,UCAACUC
miR-219a-2-3p,ACAAUUC
miR-219b-3p,GCAAUUC
miR-219b-5p,GGACAUC
miR-221-3p/222-3p,AUGUAGC
miR-221-5p/8073,UGCCAGG
miR-222-5p,CUACUGA
miR-223-3p,AACUGAC
miR-223-5p,AAUACAC
miR-224-5p,GUGACUU
miR-296-3p,CAACCCU
miR-296-5p,GGGGCCC
miR-297,ACAUACA
miR-298,CUUCUGC
miR-299-3p,CCCACAU
miR-299-5p,GUAAACC
miR-301a-5p/301b-5p,GUCAGAG
miR-302-3p/372-3p/373-3p/520-3p,AGCACUU
miR-302a-5p,GUUUAAG
miR-302b-5p/302d-5p,GUUAAAG
miR-302c-3p.2/520-3p,AAGCACU
miR-302c-5p,AUGUUAA
miR-302f,AGCAAUU
miR-320e,CCAGCUU
miR-320,CAGCUUU
miR-323-3p,GUAAUGU
miR-323a-5p,GACCACC
miR-323b-3p,GUAUUGG
miR-323b-5p/410-5p/494-5p,GACAACC
miR-324-3p/1913,GGGGCAG
miR-324-5p,GGGAUGC
miR-325,CUACUAG
miR-325-3p,UCAAUAA
miR-326,CCCAGAG
miR-328-3p,AGGGCCA
miR-328-5p/6885-5p,GCCCCCC
miR-329-3p/362-3p,GGUGUGU
miR-329-5p,AAAACCU
miR-330-3p,UGCUUUG
miR-330-3p.2,GUGCUUU
miR-331-3p,CCAGGGG
miR-331-5p,AUACCUA
miR-335-3p,AUGAAAA
miR-335-5p,GCUCUUG
miR-337-3p,UAUAGGA
miR-337-5p,AGCCGUU
miR-338-3p,AUGCUGG
miR-338-5p,AUAUUGU
miR-339-3p,GGCGCUC
miR-339-5p,GACAGGG
miR-340-3p/6827-3p,GAGACGG
miR-340-5p,CUUUAUA
miR-342-3p,GUGUGAG
miR-342-5p/4664-5p,GCACCCC
miR-345-3p,UUCAGGG
miR-345-5p,GAGUCAG
miR-346,GGCAGAC
miR-361-3p,CUGGGGG
miR-361-5p,UCUGAUA
miR-362-5p/500b-5p,CAAGGAU
miR-363-5p/6745,UCCACCC
miR-365-3p,GGGCAUU
miR-365a-5p/365b-5p,AAGUCCC
miR-367-5p,GCAACAG
miR-369-3p,GUAUUAU
miR-369-5p,GUCGAUC
miR-370-3p,CAGCAGG
miR-371-5p,GUUUGAG
miR-371a-3p,CGGCACU
miR-371b-3p,GGGCACU
miR-371b-5p/373-5p/616-5p,UUUUGAG
miR-372-5p,AUUUGAG
miR-374-5p,UAUUAUA
miR-655-3p,UGUAUUA
miR-374a-3p,CUGAUAA
miR-374b-3p,CUGCUAA
miR-374c-3p,GCUAAGU
miR-375,CGAACAA
miR-376-3p,UCUAUGA
miR-376a-2-5p,AAUCUAC
miR-376a-5p,GAAUCUA
miR-376b-5p/376c-5p,UAUCCAC
miR-376c-3p,UCUAUGU
miR-377-3p,UGUGUGA
miR-377-5p/6086,CAACCUC
miR-378-3p,AGUCCAG
miR-378a-5p,GUCAGGA
miR-378g,AGCCCAG
miR-378j/6839-5p,AAUCCAG
miR-379-5p,GUCUACC
miR-380-3p,AUUACAU
miR-380-5p/563,GUCAACC
miR-381-3p,CUUGUAU
miR-381-5p,ACCUCGC
miR-382-3p,GAAUGAU
miR-382-5p,ACAACUU
miR-383-3p,AGUGCUG
miR-383-5p.1,UCUGAUC
miR-383-5p.2,CUGAUCU
miR-384,CUAGGAA
miR-409-3p,CAACAUU
miR-409-5p,GGUAACC
miR-410-3p,GUUAUAU
miR-411-3p,GUUACAU
miR-411-5p.1,GUCUACU
miR-411-5p.2,UCUACUA
miR-412-3p/6754-3p,GGUGAAG
miR-412-5p,GUCGACC
miR-421,CUGUUGA
miR-423-3p,ACCGAGC
miR-423-5p,GCCCCUC
miR-424-3p,ACGUUUU
miR-425-3p,UUCCCGA
miR-425-5p,GUGUCAU
miR-431-3p,ACGACCU
miR-431-5p,GCAAGAC
miR-432-3p,CCAUCCA
miR-432-5p,CUCCAAG
miR-433-3p,AUCAUGA
miR-433-5p,UCACCGU
miR-448,AUAUGCA
miR-449b-3p,UGUGGCU
miR-449c-3p,ACUAGCA
miR-450-5p,UCGCAAA
miR-450a-1-3p,UUCCCAA
miR-450a-2-3p,UCCCCAA
miR-450b-3p/769-3p,GAUCCCA
miR-450b-5p,UUGCAAA
miR-451b,UCUUGCU
miR-451,AACGGUU
miR-452-3p,CAGAUGA
miR-452-5p/892-3p,AAACAGU
miR-454-5p,GAUAGGG
miR-455-3p.1,UGGACUG
miR-455-3p.2,GACUGCA
miR-455-5p,GGCACAU
miR-466,AUGUGUA
miR-483-3p.1,GAGGAGU
miR-483-3p.2,AGGAGUG
miR-483-5p,CCCGUCU
miR-484/3155,GAGCCUG
miR-485-5p,CAGCCUC
miR-486-3p,CUGCCCC
miR-486-5p,GUACAGG
miR-487-3p,GUACGAU
miR-487a-5p/487b-5p,AUAACCA
miR-488-3p,CCUUUCA
miR-488-5p,UAUCUGG
miR-489-3p,GAUGUCA
miR-489-5p,AUACGAC
miR-490-3p,CCAGGUU
miR-490-5p,AUCCAUG
miR-491-3p,UGCAUAA
miR-491-5p,UCCCCAC
miR-492,CAGGUCC
miR-493-3p,GACCUUC
miR-493-5p,AUGUACA
miR-494-3p,AUGUUUC
miR-495-3p,GUUUGUU
miR-495-5p,GCAACUU
miR-496.1,AAUACUC
miR-496.2,GUAAUAC
miR-497-3p,GUGGUUU
miR-498,GCUUGAA
miR-499a-3p/499b-3p,GUGAUGU
miR-499a-5p,AGUCUUA
miR-499b-5p,AAGUCUG
miR-500a-3p,AGGUGCA
miR-500a-5p,AAGGAUU
miR-500b-3p,CUGGGUG
miR-501-3p/502-3p,GGUGCAU
miR-501-5p,AAAGGAU
miR-502-5p,GCAAGGA
miR-503-3p,AAUACCC
miR-503-5p,CGCUGCU
miR-504-3p,GCACUCC
miR-504-5p.1,CCAGGGU
miR-505-3p.1,UGUUGAC
miR-505-3p.2,GUGUUGA
miR-505-5p,UGGCUCC
miR-506-5p,CCUGAAU
miR-507/557,GUGCAAA
miR-508-3p,UACAAUC
miR-508-5p,CUGGAGU
miR-509-3-5p/509-5p/4418,CUGCAGU
miR-509-3p,ACCAAUC
miR-510-3p,GUUUCAA
miR-510-5p,CCUGAGU
miR-511-3p,UACACAU
miR-511-5p,AAAGACA
miR-512-3p,CAGCACU
miR-512-5p,GCUGAGU
miR-513a-3p/513c-3p/3606-3p,GAAAUUU
miR-513a-5p,CCUGUGA
miR-513b-3p,UGACAUU
miR-513b-5p,CUUGUGA
miR-513c-5p/514b-5p,CUUGAGA
miR-514a-3p,GUGUCAA
miR-514a-5p,CCAGAGU
miR-515-5p/519e-5p,UUGGAGA
miR-516a-3p/516b-3p/7162-5p,AGGAAGC
miR-516a-5p,CUCGAGA
miR-516b-5p,CUCCAGA
miR-517-3p,UGCACGA
miR-517-5p,UCUAGAG
miR-518-3p,GCGCUUU
miR-518a-5p/527,CUUUGCA
miR-518c-5p,UCCAGAG
miR-518d-5p/519-5p,CUCUAGA
miR-518e-3p,AGCGCUU
miR-519-3p,UGCACUU
miR-519d-5p,UUUGGAG
miR-520f-5p,UUUAGAG
miR-520g-3p,CACUUUG
miR-520g-5p,CCUCUAG
miR-521,AGUGCGU
miR-522-3p,ACCAUUU
miR-523-3p,GCGCGUU
miR-524-3p/525-3p,GCGCCUU
miR-524-5p,CUUUGUA
miR-525-5p,CUCUGGA
miR-526b-5p,CUCAAGA
miR-532-3p,GUGGGAG
miR-532-5p,AAGGCAU
miR-539-3p,UGUAUGA
miR-539-5p,AUUUCUC
miR-541-5p,AAUCCUU
miR-542-3p,CUGUCAC
miR-542-5p,AUCCCCG
miR-543,GAAUGUU
miR-544a-3p,UGCAGAA
miR-544a-5p,UAACAAG
miR-544b,CCUCAGG
miR-545-3p,UUUGCUG
miR-545-5p,UUUACUG
miR-548ac/548bb-3p/548d-3p/548h-3p/548z,GGUUUUU
miR-548ad-3p,UCGUUUU
miR-548ah-5p/3609,UCACUUU
miR-548ai/548ag/548ba/570-5p,UUACCUU
miR-548aj-5p/548f-5p/548g-5p/548x-5p,CUUUUGC
miR-548al/4445-3p,UUGCCGU
miR-548an,UGCCUUU
miR-548ao-3p,CGGUCUU
miR-548ao-5p/548ax,UUACUUC
miR-548ap-3p/548aa/548t-3p,UGGUUUU
miR-548aq-3p/548am-3p/548aj-3p/548ah-3p/548ae-3p/548j-3p/548x-3p,AGUUUUU
miR-548as-3p,GGGUUUU
miR-548at-5p,UAACUUU
miR-548au-3p,AACUGCC
miR-548av-5p/548k/8054,GUACUUU
miR-548av-3p,GCAGUUU
miR-548aw,UUUUGCA
miR-548ay-3p/548at-3p,CGGUUUU
miR-548ay-5p/548au-5p/548as-5p/548ar-5p/548aq-5p/548ap-5p/548am-5p/548ae-5p/548ad-5p/548a-5p/548ak/548ab/548bb-5p/548b-5p/548c-5p/548d-5p/548h-5p/548i/548j-5p/548o-5p/548w/548y/559,UUACUUU
miR-548az-3p/548ar-3p/548a-3p/548e-3p/548f-3p,CAGUUUU
miR-548az-5p/548t-5p,CACUUUU
miR-548b-3p,GGUUCUU
miR-548c-3p,GAUUUUU
miR-548e-5p,UGCUUUU
miR-548g-3p,ACAGUUU
miR-548l,AUACUUU
miR-548m,UACCUUU
miR-548n,UACUUUU
miR-548p,UUUUGCU
miR-548q,GCACCAG
miR-548s,UUGGCCA
miR-548u/7161-5p,AGUCUUU
miR-548v,CUGUAGC
miR-549a,AGUUGUC
miR-550a-3-5p/550a-5p/1271-3p,CAGGCAC
miR-550b-2-5p,AGGCACA
miR-550b-3p,GAGUAAG
miR-551-3p,UGGGUCG
miR-551b-5p,UUGAUUU
miR-552-3p,CACCUGU
miR-552-5p,GGUUAAA
miR-553,ACCGUUU
miR-554,GGACUAG
miR-555,CUUACCC
miR-556-3p,GGUAAUA
miR-556-5p,AGCUCAU
miR-558,GCAGCUC
miR-561-3p,AAACUUU
miR-561-5p,UCCUUGA
miR-562,GCUACUU
miR-564,CCGUGCC
miR-566,AGGCGCC
miR-567,AACAUAC
miR-568,UUAUACA
miR-569,CAUUAAC
miR-570-3p,UGUUUUC
miR-571,CCAACUC
miR-572,GAGCGGA
miR-573/3616-5p,CACUUCA
miR-574-3p,UGAGCGU
miR-574-5p,CACACUC
miR-575/4676-5p,ACUGGCU
miR-576-3p,CACAUCU
miR-576-5p,AUUAGAA
miR-577,UUUAUCU
miR-578,ACAAGAA
miR-579-3p,CAAAUGA
miR-579-5p,AACCGCG
miR-580-3p,AUUCUCA
miR-580-5p,AAUCAUU
miR-581,ACACAAG
miR-582-3p,ACCAGUU
miR-582-5p,AACUGUA
miR-583,CCUCUUU
miR-584-3p,GGAACUG
miR-584-5p,AACCAUA
miR-585-3p,UACGCCC
miR-585-5p,UGUGCUA
miR-586,AAUGCAU
miR-587,UAUGGAA
miR-588,GUGGCCA
miR-589-3p,UGUUCUG
miR-589-5p,GGUUCUC
miR-590-3p,UAAAAUU
miR-591,CAUGGUC
miR-592,UGACACA
miR-593-3p,CAGAGAC
miR-593-5p,UGGUGCC
miR-595,CACACUU
miR-596,GCAGGCU
miR-597-3p,GAGAACC
miR-597-5p,GUGACAC
miR-598-3p,AUGACGU
miR-598-5p,AUCACCG
miR-599,UUAUCAA
miR-600,CUGUAAG
miR-601,CUAGACC
miR-602,CCCGUGU
miR-603,AGUGUGU
miR-604,CGCAGCC
miR-605-3p,UGCCUUC
miR-605-5p,GGGAUUU
miR-606,AGUAGUU
miR-607,AUUUGAA
miR-608/4651,CCACCCC
miR-609,AACACCC
miR-610,UUAGCUC
miR-611/3131,GUCCUCG
miR-612/1285-3p/3187-5p/5189-5p/6860,UGCCCAG
miR-614,AGGCGUU
miR-615-3p,GGCUCGG
miR-615-5p,GGACCCC
miR-616-3p,CAAUGAC
miR-617,GGAAGUC
miR-618,UAGAGUU
miR-619-3p,UCCAGGU
miR-619-5p/6506-5p,AUCCCAG
miR-621,UGCUAGC
miR-622,CAGACUG
miR-623,CAAGGGA
miR-624-3p,ACCUUGU
miR-624-5p,UGGUACU
miR-625-3p,CUAUAGU
miR-625-5p,UUCCCCC
miR-626/6876-3p,AGACAGC
miR-627-3p,AGAAAAG
miR-627-5p,AGACUCA
miR-628-3p,UUACUAG
miR-628-5p,GUCAGCA
miR-629-3p,GGGAGAA
miR-629-5p,UAAACCC
miR-630,AGAAUAC
miR-631/3661,CCAGGUC
miR-632/4288,GCAGACA
miR-633,ACUAUUA
miR-634,UGCUGGU
miR-635/6774-5p,GCCCAAG
miR-636,CAAGCAC
miR-637,CCCCCAG
miR-638,CGAUCCC
miR-639,GCAGCGA
miR-640,UGGAUCA
miR-641/3617-5p,AUGUCUU
miR-642-3p,AUGUGUC
miR-642a-5p,AGAGGGA
miR-642b-5p,AGGGAAC
miR-643,AUACAAG
miR-644a,GCCACAC
miR-645,AGCCUAG
miR-646,AGCUGCU
miR-647,GCAGCCA
miR-648,GCACACU
miR-649,ACAGGUU
miR-651-3p,UUUCCUU
miR-651-5p,AUCCUAA
miR-652-3p,GCGCCAU
miR-652-5p,UAGGGUU
miR-653-3p,CCAGUGA
miR-653-5p,UGUUUCA
miR-654-3p,CAGACAU
miR-654-5p,GCCCACC
miR-655-5p,UAACCUC
miR-656-3p,AUAAUAU
miR-656-5p,GGCAACC
miR-657,AACCUGC
miR-658,CCUCCGC
miR-659-3p,GAACCAA
miR-659-5p,AAGGUCC
miR-660-3p,CAGGAGG
miR-660-5p,AAUGGGU
miR-661,CCCAGGC
miR-662,ACGUGGG
miR-663b,GGGCCAC
miR-664a-3p,AAUGAAU
miR-664a-5p/4794,UAGCCAG
miR-664b-5p,UUAGCCC
miR-665,CUCCUGG
miR-668-3p,GAGUGAC
miR-668-5p,GAGGCGC
miR-670-3p,UGAGGAA
miR-670-5p,UCAGGGA
miR-671-3p,GAACCGG
miR-671-5p,GGCUUCC
miR-675-3p,GCAUACA
miR-675-5p/4466,CCGCACC
miR-676-3p,UAGGACA
miR-676-5p,GUUGAAG
miR-708-3p,UCUAGUU
miR-711,UGGGUCC
miR-718,GGCGGAA
miR-744-3p,GGCAACA
miR-744-5p,GCCCCGC
miR-758-3p,GUCACAA
miR-758-5p,CAACCAU
miR-759,CACUCUG
miR-760,CAGAGCC
miR-762/4492/4498/5001-5p,CCAGCCC
miR-764,GCACCUG
miR-765,CUCCUCC
miR-766-3p,GCUGGAG
miR-766-5p,UUCCUCC
miR-767-3p,UGAGCAG
miR-767-5p,AUGGUGC
miR-769-5p,AGGUCUC
miR-770-5p,GUACUGG
miR-802,GUUACUG
miR-873-3p,CAGUCUC
miR-873-5p.1,GUUCCUG
miR-873-5p.2,UUCCUGC
miR-874-3p,CAGGGCA
miR-874-5p,UGGGGCC
miR-875-3p,UUUCCAG
miR-875-5p,GAGGUAU
miR-876-3p,AACCACC
miR-876-5p,GAAAUCC
miR-877-3p,GAAGAGG
miR-877-5p,UCCUCUA
miR-885-3p,CGCUGCC
miR-885-5p,GUAAUGG
miR-887-3p,CCGUUCA
miR-887-5p,CUCCCAA
miR-888-3p,UGUCAGU
miR-888-5p,UUUGAGU
miR-889-3p,GAUAUUA
miR-889-5p,CAGCCAU
miR-890,UCCAAGU
miR-891a-3p,GUGCCAC
miR-891a-5p,UCGUUGC
miR-891b,AAGUUGC
miR-892-5p,UCUGAAU
miR-892a,ACACAGU
miR-892b,AGCCAGU
miR-920/4300/5591-5p/6726-5p,AGCUCCC
miR-921,CUCACUA
miR-922,UCUGCUG
miR-924,AAGACUC
miR-933,UGCGCAC
miR-934,AGUAGAC
miR-935,GUAACUG
miR-936,UCUACUG
miR-937-3p,GCGCGGA
miR-937-5p,UGACUCA
miR-938,UAAGGGC
miR-939-3p,GCCCAGG
miR-939-5p/1343-5p,GCUCCCC
miR-940/6808-5p/6893-5p,CCUGCCU
miR-941,GCCGGGU
miR-942-3p,GCCAUGU
miR-942-5p,AGAGAAG
miR-943,ACAGUCA
miR-944,AAUAAUU
miR-1178-3p,GUGAGCA
miR-1178-5p,UGACCCU
miR-1179,GAAUGCU
miR-1180-3p,GCCGGAA
miR-1180-5p,GUGGGUC
miR-1181,GGCGACG
miR-1182,AGACCCU
miR-1183,CUACAGU
miR-1184,GCUGCAG
miR-1185-5p,UAUCCUC
miR-1193,GUGACCU
miR-1197,GUGUCCU
miR-1199-3p,CGGCCGC
miR-1199-5p/6751-3p,GGCUCAG
miR-1200,CUCAGGA
miR-1202/3972,GCUGGCA
miR-1203,GCUCCGG
miR-1204,GGCCACG
miR-1205,CCUGCAG
miR-1206,CAUGAAC
miR-1207-3p,CCAGCUG
miR-1207-5p/4763-3p,CCCUGCC
miR-1208,AACAGUG
miR-1224-3p,AGGUGGG
miR-1224-5p,GUCCUCA
miR-1225-3p,GGGGCUC
miR-1225-5p,GUACCCA
miR-1226-3p,GCUGGUG
miR-1226-5p,GCCCUCA
miR-1227-3p,GUGGCAC
miR-1227-5p,GGCCCCA
miR-1228-3p,AGGUGUG
miR-1228-5p,CCGCCCA
miR-1229-3p,GGUGAGA
miR-1229-5p,CUACCCA
miR-1231,CCAGACA
miR-1233-3p,AGGGCUC
miR-1233-5p/6778-5p,CUCCCAC
miR-1234-3p/7107-5p,CAGGCCG
miR-1236-3p,GGAAGAG
miR-1236-5p,GUCACUC
miR-1237-3p,CAGAAGG
miR-1237-5p/4488/4697-5p,CGCCCCC
miR-1238-3p,CGAGGAA
miR-1238-5p/4758-5p,CCACUCA
miR-1243,AUCCAGU
miR-1244,AACUACU
miR-1245a/8079,GAUCACU
miR-1245b-3p,UCAUCUG
miR-1245b-5p,AAGGCCU
miR-1246,AAUCCAU
miR-1247-3p,UCCCGGG
miR-1247-5p,GGACGGG
miR-1248,AAGAAGG
miR-1249-3p,AAGGGCG
miR-1249-5p/6797-5p,UCCCUCC
miR-1250-3p,GAAAAUG
miR-1250-5p,AGCACCG
miR-1251-3p,GCAAAGC
miR-1251-5p,GCUAGAG
miR-1252-3p,CUCAUUU
miR-1252-5p,UUCCUUC
miR-1253,UCUUCUC
miR-1254/3116,UCCAGGC
miR-1255a/1255b-5p,CUCAUCC
miR-1255b-2-3p,AAGUGGU
miR-1256,CAAUGCC
miR-1257,CAUUCAC
miR-1258,UCCUAAC
miR-1260a/1260b,GGUGGGA
miR-1261,UUAUCCA
miR-1262/4701-3p/6736-5p,UCACCCA
miR-1263,GGUACCA
miR-1264,AAGACUU
miR-1265,ACAUCCU
miR-1266-3p,GAACAGG
miR-1266-5p/4518,CCCUGAG
miR-1267,UCAACAG
miR-1268a/1268b,CACGCCC
miR-1269,CAGUCCA
miR-1270,AUCUCCA
miR-1272,UCAUCAU
miR-1273a,UGUCGCC
miR-1273c,UUGUCGC
miR-1273d,AUGGGUU
miR-1273e,UCAAGCA
miR-1273f,CCAUCUC
miR-1273g-3p,GCAGUGG
miR-1273g-5p,CAACCAC
miR-1273h-3p,GUCUGCA
miR-1275/4665-5p,UCCCCCA
miR-1276,GCUCUUU
miR-1277-3p,UCUACGU
miR-1277-5p,AUAUAUU
miR-1278,CAGUACU
miR-1279,CAAUAUG
miR-1281,GGAGGCG
miR-1282,GCAAACG
miR-1283,UUUGUAG
miR-1284,UGUAUAG
miR-1285-5p,GUGAGAU
miR-1286,GUCCUGC
miR-1287-3p,GGCUAGA
miR-1287-5p,AUCCAGC
miR-1288-3p,GCAGUCC
miR-1288-5p,UGAUCUG
miR-1289,GGACUCC
miR-1290,AAAAUCC
miR-1291/6775-3p,CAGGGCC
miR-1292-3p,GGGCGCG
miR-1292-5p,CGUUCCC
miR-1293/4483,ACCACCC
miR-1294,ACCUCAC
miR-1295a,CGGCCUA
miR-1295b-3p,GGCCUAU
miR-1295b-5p/1912,UCUGGGU
miR-1296-3p,CCCCACU
miR-1296-5p,GGCCCUA
miR-1298-3p,CCCAGAU
miR-1298-5p,CGAAUGA
miR-1299,UUCCAGA
miR-1301-3p,AGCUGCA
miR-1301-5p/6502-5p,CUAGAGC
miR-1302/4298,UGUCCCA
miR-1303,UCUCUAA
miR-1304-3p,CAGUGAG
miR-1304-5p,GCCUCAA
miR-1305,GUUGAAA
miR-1306-3p,GCCAACG
miR-1306-5p,GGAGGUG
miR-1307-3p,CGCCGAG
miR-1307-5p,CCGGUCG
miR-1322,GCAUCAU
miR-1323,AGUUUUG
miR-1324,CUGUCUG
miR-1343-3p,CCCAGGA
miR-1468-3p,AUUUUGC
miR-1468-5p,AAACGGA
miR-1469,GCGCCGA
miR-1470,CGGAGGG
miR-1471,ACGCGGG
miR-1537-3p,ACGGUUU
miR-1537-5p,UUACAGC
miR-1538/4745-3p,CCGGGCC
miR-1539,GCGCAGG
miR-1587/3620-5p,CAGCCCA
miR-1825,GCACUGG
miR-1827,CUGCCUC
miR-1908-3p,GCGGCCG
miR-1908-5p,CCCCGCC
miR-1909-3p/6722-3p,CCCCUGC
miR-1909-5p,GGCACUC
miR-1910-3p/6511a-5p,UCUGCCU
miR-1910-5p,AGGACUG
miR-1911-3p,GCCUGGU
miR-1911-5p,GGUACUC
miR-1914-5p,GCACAGG
miR-1915-3p/6764-5p,CCCUGGG
miR-1915-5p,GGCAAGG
miR-1972,UGGCCUG
miR-1973,UGCACGG
miR-1976,GCAGGAG
miR-2052,UCAAAAC
miR-2053,AUUAACA
miR-2054,UAUUACA
miR-2110,UUCCCCA
miR-2113,GCACAAA
miR-2114-3p,GAGGCUC
miR-2114-5p,AGGGACU
miR-2115-3p,UUCUGAU
miR-2115-5p,UGGAAGC
miR-2116-3p,AUGGGAG
miR-2116-5p,UAAGAAC
miR-2117,AGAGAAC
miR-2276-3p,CUUGCAG
miR-2276-5p,CAGAGGG
miR-2277-3p,CGCUGUC
miR-2277-5p,CCCGCGC
miR-2278,CUGCUCU
miR-2355-3p,AGGACAA
miR-2355-5p,CUGGGGA
miR-2392,CCAUCCU
miR-2467-3p,CCUCUGC
miR-2467-5p,GAGCCUC
miR-2681-3p,CCAUGAU
miR-2681-5p,GGUAAAA
miR-2682-3p/6781-3p,AAGAGGC
miR-2861,CAGGCCC
miR-2909,GCCCUAA
miR-3064-3p,UGUGGCA
miR-3064-5p,CAGCCAG
miR-3065-3p,GGUGCUG
miR-3065-5p,UUUGUUG
miR-3074-3p,CUGAUAU
miR-3074-5p,GCAGGAA
miR-3115,ACCCAUA
miR-3117-3p,AGUCCUA
miR-3117-5p,UAGUGUC
miR-3119,AAAAGCC
miR-3120-3p,UUGCUGU
miR-3120-5p,CAGACAG
miR-3121-3p,UCUAUUU
miR-3121-5p,GCAAAGG
miR-3122/3913-5p,GUCCCAA
miR-3123,AUUCUCU
miR-3124-3p,AGGAAAG
miR-3124-5p,CCCGCGA
miR-3125/3916/6859-5p,UUCCUCU
miR-3126-3p,GCCAGAU
miR-3126-5p,GUCCCUC
miR-3127-3p/6756-3p,GAAGGGG
miR-3127-5p,GCCCUGA
miR-3128,UUGCCAG
miR-3129-3p/5583-5p,AUUAGUU
miR-3130-3p,GGUGCAG
miR-3130-5p/4482-5p,ACUGGGU
miR-3133,GUUCUUU
miR-3134,AUCCAUC
miR-3135a,CCUAGGC
miR-3135b,CUCCAGC
miR-3136-3p/7155-3p,UUGGGCC
miR-3136-5p/4439,UCAGUCA
miR-3137,GCUACAG
miR-3138,UGUCCAC
miR-3140-3p,CAAAAGC
miR-3140-5p,AUUCAGG
miR-3141,CCGCCCU
miR-3143,AAUGUUA
miR-3144-3p,AGGUAUA
miR-3144-5p,GGUCCCC
miR-3145-3p,AAAUAUC
miR-3145-5p,UUGGAGU
miR-3146,CUAGCAU
miR-3147,GCCCAAC
miR-3148,UUUUUCC
miR-3149,CAUACAA
miR-3150a-3p,CUCCCCA
miR-3150a-5p/3150b-5p,CGAGGUU
miR-3150b-3p,UCUCCUC
miR-3151-3p,GGAUCAG
miR-3151-5p,GCCCCAC
miR-3152-3p,CUAACAC
miR-3152-5p,GAGGCAA
miR-3153/6733-5p/6739-5p,CUUUCCC
miR-3154,CCCUUCU
miR-3156-3p,AGUGGGA
miR-3156-5p,AGAUCUU
miR-3157-3p,UAGGGCA
miR-3157-5p,UGGCUGA
miR-3158-3p,AAGCCCU
miR-3158-5p,UCUGCAG
miR-3159,UAAUCCU
miR-3160-3p,UCAGCUC
miR-3160-5p,AGAAAGC
miR-3161,CUUAUCA
miR-3162-3p,GGUAGGG
miR-3162-5p,CUCCCUA
miR-3163,AUUUUAU
miR-3164,AAGUCAC
miR-3165,AUCCACC
miR-3166,UGUCUGC
miR-3168,UAGAACU
miR-3169,CAGUCCU
miR-3170/6855-5p,AACCCCA
miR-3171,AUACAUC
miR-3173-3p/6891-5p,CCUCCUU
miR-3173-5p,GCAGGGC
miR-3174,ACUCACU
miR-3175,UCUCCCC
miR-3176/3922-3p,AGGCCAG
miR-3177-3p,GCCGUGC
miR-3177-5p,UGUACAC
miR-3178,CGCGCCC
miR-3179,CCCCUUC
miR-3180-3p,CCGCCCC
miR-3180-5p,UCUGGAA
miR-3181,GGCCCGA
miR-3182,ACAGAAG
miR-3183/4723-3p/6769b-3p,AGAGAGG
miR-3184-3p,GAGACUU
miR-3185,CUUCUUC
miR-3186-3p,CCGCGUG
miR-3186-5p,GACGCCU
miR-3187-3p,AUGGCCA
miR-3188,AAGCCUC
miR-3189-3p,CCCAAGG
miR-3189-5p,AUGGGGC
miR-3190-3p,CUUCCAC
miR-3190-5p,UGGCCAG
miR-3191-3p,CGUCCCC
miR-3191-5p,CCAGAGA
miR-3192-3p,GAUCAGA
miR-3192-5p,CUCCCAG
miR-3193,ACGCAGG
miR-3194-3p,GCAGAGC
miR-3194-5p,GGCUGGC
miR-3195,CCGGCGC
miR-3197,GCGCCUC
miR-3198/4309,GACUCCA
miR-3199/8052,CAGUCCC
miR-3200-3p,GCAAGGU
miR-3200-5p,CUCAGAU
miR-3201/4791,CAUAUCC
miR-3202,CCCUUCC
miR-3529-3p,UUGUUGU
miR-3591-5p,ACACUAA
miR-3605-3p,CACGGAG
miR-3605-5p,CAUCCUC
miR-3606-5p,UUCACUA
miR-3607-3p,UUUACAG
miR-3607-5p,UCACAUG
miR-3610,UCCGAUU
miR-3611,CUUCACA
miR-3612,UGCCUCC
miR-3613-3p,UUUUUUG
miR-3613-5p,GUACAAC
miR-3614-3p,GAAGGCU
miR-3614-5p,CCAAGUG
miR-3615,CCGAGAG
miR-3616-3p,UGCCCUC
miR-3617-3p,UGCUGAU
miR-3618,UGUAGAC
miR-3619-3p,AUGGUCC
miR-3620-3p,CAGGGUG
miR-3621,GACCCGC
miR-3622a-3p/3622b-3p,UCAGGUG
miR-3622a-5p,CGUGCCU
miR-3622b-5p,CCAUGCC
miR-3646,UUCAUUU
miR-3648,CCGCGGC
miR-3649,AGGUCCC
miR-3650,ACACACC
miR-3651,GGGCUAU
miR-3652/4430,UCCAGCC
miR-3653-3p,CUUCUUA
miR-3653-5p,UCAGGAG
miR-3654,GUCCAGU
miR-3655,CGACAAG
miR-3656,CACCCGC
miR-3657,GGGACAC
miR-3658,UUCUUAA
miR-3659,AACACUC
miR-3660/4526,CUGUCAG
miR-3662,UCAUUUU
miR-3663-3p,GGUGCUC
miR-3663-5p,AGACCAG
miR-3664-3p,UCCUGAG
miR-3664-5p,ACAGAGU
miR-3665,CACCUGC
miR-3667-3p,AGGAAGG
miR-3667-5p,GGGUCUU
miR-3668,UCUACAU
miR-3670,UGAGCUC
miR-3671,UAUUUGA
miR-3672/6864-3p,AGUCUCA
miR-3674,UCUACAA
miR-3675-3p,UAGAGAU
miR-3675-5p,GCCCCAU
miR-3677-3p,CCCACGA
miR-3677-5p,GGCCACU
miR-3678-3p,CUCUGCA
miR-3678-5p,UGUACGG
miR-3679-3p,GGGGGAA
miR-3680-3p,AUGCAAA
miR-3680-5p,AGUGAGU
miR-3681-5p,AUCCACU
miR-3682-3p,UAUCAUC
miR-3682-5p,AGAAGUA
miR-3683,AUGUCGC
miR-3684,AGGUCUA
miR-3685,GUAGGAA
miR-3686,UUACAGA
miR-3687/4442,UGUCCGG
miR-3688-3p,UUUCCAU
miR-3688-5p,UUGCCAC
miR-3689a-5p/3689b-5p/3689e/3689f,AUAUCAC
miR-3689d/6851-5p,CACCUCC
miR-3690,GUCCAGG
miR-3691-3p,GACUUGG
miR-3691-5p,CAUCCAC
miR-3692-3p,UGUGGAA
miR-3692-5p,CCAGCAG
miR-3713,CGGAUAC
miR-3714,CUGCCUU
miR-3907,GAGCACC
miR-3908,CAUUGCU
miR-3909,AGAGGAC
miR-3910,AUGCCUU
miR-3911,UCCACAC
miR-3912-3p,AUGCGUU
miR-3912-5p,AUGGACA
miR-3913-3p,UGAUGUC
miR-3914,GGUUCCU
miR-3915,UUCCUCA
miR-3917,GUCCGAG
miR-3918,GGCCCUG
miR-3919,UUCUCUG
miR-3920,UAAUCAG
miR-3921/4653-5p,CUCAGAG
miR-3922-5p,GGCCUUG
miR-3923,UACUAGU
miR-3924,AUACAUA
miR-3925-3p,ACUGGAG
miR-3925-5p,GUUCUCU
miR-3926,UUUGGCC
miR-3927-3p/6831-5p,UCUACCU
miR-3927-5p,UGAUAGG
miR-3928-3p,GUUCCUC
miR-3928-5p/6806-3p,GAGCUUC
miR-3929/4419b/4478,UCAGCCU
miR-3934-3p,CCUGAGC
miR-3934-5p,ACACCUG
miR-3935,UAUCUAC
miR-3936,ACCCCUU
miR-3937,CCGCCUG
miR-3938,AGGGAAU
miR-3939,UGCGCGU
miR-3940-3p,CCGGGCU
miR-3940-5p/4507,CAACCCA
miR-3941,GUGUGUA
miR-3942-3p,AUCUGAA
miR-3942-5p,UAUUGCU
miR-3943,GGGGGCU
miR-3944-3p,AGCCCGA
miR-3944-5p,GCUGCAC
miR-3945,UAUGCCC
miR-3960/8072,CCGCCGC
miR-3973,UACUUUG
miR-3974,UGACCUU
miR-3975,UAGCCUC
miR-3976,UCUCUAU
miR-3977,UGAAGCA
miR-3978,CUUUCCA
miR-4251,UUCUCAG
miR-4252,CAGUGGC
miR-4253/6862-5p,CAUGCCC
miR-4254,CUCCAGG
miR-4255,GAACACU
miR-4256,GGUCAGA
miR-4257,ACCUCUG
miR-4258,UGGCGGG
miR-4259,CCCAACU
miR-4260,GCCCCAA
miR-4261,UGUUUCC
miR-4263,CUUAGAA
miR-4264,GACUGAG
miR-4265/4296/4322,GCCCACA
miR-4266,CCUCCUA
miR-4267,GAGCUGG
miR-4268,GAGGAGC
miR-4269/6715b-5p,GUGCCUG
miR-4270/4441/6754-5p,CUCCCUG
miR-4271/4725-3p/6780b-5p,CUUCCCC
miR-4272,GUUGAAU
miR-4273/7156-5p,GAGAACA
miR-4274,GACUGCU
miR-4275,GUAAUUG
miR-4276,UCACUGA
miR-4277,AGAACUG
miR-4278,CCCCCUA
miR-4279,GAGGAGA
miR-4280,CUACACU
miR-4281,CGGGACC
miR-4282,AAAUUUU
miR-4283,GAGCCCC
miR-4284,GUGAGCC
miR-4285,CUCGCCG
miR-4286,AGUGGGG
miR-4287/4685-3p,AAGGGAG
miR-4289,CACAAUG
miR-4290,GGAGGGC
miR-4291,CUGCUGA
miR-4292/6791-5p,CCCAGGG
miR-4293,UCAGGCU
miR-4294,AGACUCC
miR-4297/5581-5p,GGAAGGC
miR-4299,UCACCAG
miR-4301,UAGUGGG
miR-4302,CACACUG
miR-4303,GCUCAGA
miR-4304,CAUGCCG
miR-4305,UGUCUAG
miR-4307,AAAACAU
miR-4308,UCCAGGG
miR-4310/7157-5p,AAUGCUG
miR-4311,UCUCUUU
miR-4312,ACAAGGC
miR-4313,AGGGGGC
miR-4314,UCCCAGA
miR-4315,GAAAGCG
miR-4316,GCCUCAC
miR-4317,GGCAAUG
miR-4318,CCACAGU
miR-4320,AGAAUCC
miR-4321,ACCGCUA
miR-4323,UGGGGCU
miR-4324,UCUCAGG
miR-4325,AAGUGCA
miR-4326,GAGGAAC
miR-4327,UGCAAGC
miR-4328,AAAACUG
miR-4329,GUCUCAG
miR-4330,AUCUGAG
miR-4417,AGCCCAC
miR-4419a/4510/6127/6129/6130/6133,CUCCCUC
miR-4421/5699-3p,AGACAGG
miR-4422,AUGCUUU
miR-4423-3p,GUGCCUA
miR-4423-5p,AGGCAAC
miR-4424,UUAACUC
miR-4425,UCCCAAC
miR-4426/4647/4662b,CCAUCUU
miR-4427,UAUUCAG
miR-4428,UCUCCUU
miR-4431,AGAGUCG
miR-4432,GAGUCUU
miR-4433a-3p,ACUCCUG
miR-4433a-5p,GUGGGAC
miR-4433b-3p,CACUCCU
miR-4433b-5p,UGGGACA
miR-4434/4516/5703,CUUCUCC
miR-4435,CUGGCCA
miR-4436b-3p/4632-5p/6735-5p/6879-5p/7843-5p,CUGCCCU
miR-4436b-5p,AAGUGGA
miR-4437,UGAGCCC
miR-4438,AGCCUGU
miR-4440,CCACGAC
miR-4443,GCCUCCA
miR-4444,AACUCGA
miR-4445-5p,AACAAUC
miR-4446-3p,CAGCCCU
miR-4446-5p,AGGGAAA
miR-4447/4472,CCCCCAC
miR-4448,AAGGAGC
miR-4449,CCGGGAC
miR-4450,AAUCCCC
miR-4451,CUCUACC
miR-4452,GAAUUCA
miR-4453/4538,CCAAGCU
miR-4454,UCGGAUC
miR-4455,CACACCC
miR-4456,CCACCAG
miR-4457,CCUUGUG
miR-4459,CCUCCUG
miR-4460,ACCACUA
miR-4461,UCUCAAU
miR-4462,CCGUGUC
miR-4463,CCAGUCU
miR-4464/4748,CAAACCU
miR-4467,CGCCGCC
miR-4468,UCUGCUC
miR-4469,GAGGGAG
miR-4470,GUUUGCC
miR-4471/8059,AGUUCCC
miR-4473,AGCACUA
miR-4474-3p,AGCCACA
miR-4474-5p,GAGACUA
miR-4475,GUCCCUU
miR-4476/6876-5p,CCUUCCU
miR-4477a,CUUAAUA
miR-4477b,UCCUUAA
miR-4479,GCCGCGC
miR-4480,ACUUGGC
miR-4481/4745-5p,CCCACUC
miR-4482-3p,AAUAGAA
miR-4484,CGCCUUU
miR-4485-3p,GGCCGUU
miR-4485-5p,CAGGCGG
miR-4486,CGCCCAG
miR-4487,CCAGCUC
miR-4489,UAGCCCC
miR-4490,UUACCAG
miR-4491/4657,UCCACAU
miR-4493,GGCCUUC
miR-4494,CAGUCUG
miR-4495,UUUACAU
miR-4496,GUUUCCU
miR-4497,UCCCGGA
miR-4499,UCAGUCU
miR-4501,GUCACAU
miR-4502,UCAUCAG
miR-4503,UGCUUAA
miR-4504,UUGUCAC
miR-4505/5787,CCCAGCC
miR-4506,ACCCAUU
miR-4508,AGCCCCG
miR-4509,CCUUUAG
miR-4511,AGUUCUU
miR-4512,AGGCCCU
miR-4513/6855-3p,GUCAGUC
miR-4514/4692,CUGCCUG
miR-4515,CCAGUCC
miR-4517,UCAUAUU
miR-4519,CACUGCU
miR-4520-2-3p,UGUCCAA
miR-4520-3p,CUGUCCA
miR-4520-5p,CACGCAG
miR-4521,UCCUUAG
miR-4522,CAGAGUC
miR-4523,UCUCGGU
miR-4524-5p,GCUGCUA
miR-4524a-3p,CUGUCUC
miR-4524b-3p,CCUGUCU
miR-4527/6503-5p,GCAGACC
miR-4528,UAUAAUG
miR-4529-3p,AGUCCAA
miR-4529-5p,GAUGGCC
miR-4530,CUGCUGG
miR-4531,UUCUCCA
miR-4532,CCCCGGG
miR-4533,UCCUUCC
miR-4534/8082,CUCCAUC
miR-4535,AGGUCCA
miR-4536-3p,AUGCACG
miR-4536-5p,CUACCAC
miR-4537,UCGGCUC
miR-4539,AGUUCAG
miR-4540,AGGACUA
miR-4632-3p,GGGCGGC
miR-4633-3p/6500-5p,UAGCUCC
miR-4633-5p,AGGCAUA
miR-4634,UCGCGCC
miR-4635,CUUCAAG
miR-4636,CACGAGU
miR-4637,AGUUAGU
miR-4638-3p,UGUCCAG
miR-4638-5p,AGCCGAG
miR-4639-3p,GAGAGUG
miR-4639-5p,CUUAGCA
miR-4640-3p,AGGGGGU
miR-4640-5p,CUGGCCC
miR-4641,CAUGGGC
miR-4642,GAUGCCA
miR-4643,CAUGUGU
miR-4645-3p,UACUGUC
miR-4645-5p/4673,UGCCUGG
miR-4646-3p,GGGACAA
miR-4648,GUCCCAC
miR-4649-3p,GCCUCAG
miR-4649-5p/6729-5p,CUCGCCC
miR-4650-3p,UUCUACC
miR-4650-5p,AGGCCUG
miR-4652-3p,AACAGAA
miR-4652-5p,AGUCCCC
miR-4653-3p,UAACUCC
miR-4654/4769-5p,AUCCCAC
miR-4655-3p,ACGAGGG
miR-4655-5p,CCCCGGU
miR-4656,UCAGCCC
miR-4658/6790-5p,ACACUCA
miR-4659a-3p/4659b-3p,AGAAGAA
miR-4659a-5p/4659b-5p,CAUGGCA
miR-4660,GAGCUGC
miR-4661-3p,GGAUCCU
miR-4661-5p,AGCUAGU
miR-4662-5p,UUGGCUA
miR-4662a-3p,CUAUCUU
miR-4663,GCUCAGC
miR-4664-3p,ACCGGAA
miR-4665-3p,CGGCCGA
miR-4666a-3p,AUUGUAU
miR-4666a-5p,ACAUGUA
miR-4666b,ACAUGCA
miR-4667-3p,AGGAGGG
miR-4667-5p/4700-5p/8089,UCCCCAG
miR-4668-3p,GGAUUUU
miR-4668-5p,UUUUCCC
miR-4669,CGGACAC
miR-4670-3p,UAACUUC
miR-4670-5p,GGUCGCU
miR-4671-3p,UGCACUA
miR-4671-5p,UCUUCGG
miR-4672,CUGUGUA
miR-4674,GAGCCCA
miR-4675/4741,ACAGCCC
miR-4677-3p,CUCACAG
miR-4677-5p,AAGAACA
miR-4678,AAUACCU
miR-4679,AUCACAG
miR-4680-3p,AAUUCAG
miR-4680-5p,AGAGUUC
miR-4681,UUCCCGU
miR-4682,AACUCAG
miR-4683,GAUCUCC
miR-4684-3p,UUGCAAC
miR-4684-5p,GUAGAGA
miR-4685-5p/6837-5p,GCCCUGG
miR-4686,AGCAGAU
miR-4687-3p,AACAGCC
miR-4687-5p,GAGGGCU
miR-4688/6743-5p,UGCCCCU
miR-4689/6858-5p,CUCCUCA
miR-4690-3p/5685,UGGGCUG
miR-4690-5p,GCCUGCU
miR-4691-3p,GUGGCUG
miR-4691-5p/6792-3p,UGGAGGA
miR-4693-3p,CACUCUC
miR-4693-5p,CACAGUA
miR-4694-3p,UCCAUUU
miR-4694-5p,UAACACC
miR-4695-3p,UGAGAUC
miR-4695-5p,GCCUCCU
miR-4696,GUCUUGC
miR-4697-3p,CACUGAC
miR-4698,CAUUUUG
miR-4699-3p,AGUAAAU
miR-4699-5p,AAUCUUC
miR-4700-3p,GUCCUGU
miR-4703-3p,CAACUAC
miR-4704-3p,GUGACUG
miR-4704-5p,CUAGUGU
miR-4705,GUGAUUG
miR-4706/4749-5p,UCCCCGC
miR-4707-3p,GGCGGGC
miR-4707-5p,GCCGGGG
miR-4708-3p,GCCUUGC
miR-4708-5p,GCAUCUC
miR-4709-3p,CUCUUCA
miR-4709-5p,ACUGUUG
miR-4710,CCUCACC
miR-4711-3p,AAGACAC
miR-4711-5p,CUGAUGC
miR-4712-3p,CUCUCAU
miR-4713-3p,GGAUCCC
miR-4713-5p,UGGGAGA
miR-4714-3p,UAGGUUG
miR-4714-5p,UCAGAGU
miR-4715-3p,GGUGGCA
miR-4715-5p,GCCAACU
miR-4716-3p/6794-5p,UCCCCCU
miR-4716-5p,AACAUGG
miR-4717-3p,CCAUGUG
miR-4717-5p,GUGGCCU
miR-4718,GUACAGC
miR-4719,AUUUGUG
miR-4720-3p,CUUAAGC
miR-4720-5p/4799-3p/5588-5p,AUGCCAG
miR-4721,AGCCCUC
miR-4722-3p/6727-3p,UGGCAGG
miR-4722-5p,CUCCUGC
miR-4723-5p/5698/6870-5p/7111-5p,CUCCCCC
miR-4724-3p,GAAGGUA
miR-4724-5p,GUUCAGU
miR-4725-5p,CAGGGUC
miR-4726-3p,ACCUGGG
miR-4727-3p,CCCACUA
miR-4727-5p,UGGCAGA
miR-4728-3p,UCAGCAU
miR-4729,AUAAAUG
miR-4730,UCCGCCA
miR-4731-3p/4801,CUUGUGU
miR-4731-5p,CCCCAGC
miR-4732-3p,GUCAGGG
miR-4732-5p,GCUCUAC
miR-4733-3p,CCUGGUG
miR-4733-5p,UUGGGAU
miR-4734,CCCGCAG
miR-4735-5p,AAAUUAG
miR-4736,ACCUGCC
miR-4737,CCUCGCA
miR-4738-3p,CAGUUUC
miR-4738-5p,GCGCUGG
miR-4739,CCUCCCU
miR-4740-3p,UCUCGGG
miR-4740-5p,UCAGUCC
miR-4742-3p,AAUACAG
miR-4742-5p,UUGCCUG
miR-4743-3p,GACAGAA
miR-4743-5p,UCCGGCC
miR-4744,UCUUUAG
miR-4746-3p,GCACCGC
miR-4746-5p,GGGACCG
miR-4747-3p,CGGGCCU
miR-4747-5p/5196-5p,CCUUCCC
miR-4749-3p,GAGGGGC
miR-4750-3p,GGGUCAG
miR-4750-5p,CGCCCGA
miR-4751,GGUCCUC
miR-4752,AUCCACA
miR-4753-3p,AAAGAGA
miR-4753-5p,UGGCCUU
miR-4754,GUCCGCA
miR-4755-3p,GCCUGGC
miR-4755-5p/5006-3p,AAGGGAA
miR-4756-3p,AUCUCUG
miR-4757-3p,ACGUCAU
miR-4757-5p/6744-3p,AGAGGCC
miR-4758-3p,GUGGGGC
miR-4759,UAGUCCU
miR-4760-3p,AUGAAUU
miR-4760-5p/8061,AAUCUAA
miR-4761-3p,AUGCCCU
miR-4761-5p,CACCUUG
miR-4762-3p,AUCAGAA
miR-4762-5p,AGAUUUG
miR-4763-5p,GGCAGGC
miR-4764-3p,GGAGUUA
miR-4764-5p,CACAUCC
miR-4765,AUCACUC
miR-4766-3p,AUUGCUA
miR-4766-5p,CUUUCAG
miR-4767,CGCCCGC
miR-4768-3p,UCUCCUG
miR-4768-5p/6833-3p,GAGAGAA
miR-4769-3p/6817-5p,AUGGCAG
miR-4771,AGUCUGC
miR-4772-3p,GUUGCAG
miR-4772-5p,CCUGAUC
miR-4773,CUGUUCU
miR-4774-3p,UAGGCAA
miR-4774-5p,AUACCAG
miR-4775,AAAAUUA
miR-4776-3p,AUGGCAA
miR-4776-5p,UGGUCCA
miR-4777-3p,UGAGGUA
miR-4777-5p,AUCUAGA
miR-4778-3p,GAAGAAG
miR-4778-5p,ACAGAAU
miR-4779,CCCUCCU
miR-4780,UCAAGGG
miR-4781-3p,CCAACAU
miR-4781-5p,CCCCGCU
miR-4782-5p/5706,AUCCAGA
miR-4783-3p,CACCGGG
miR-4783-5p,GGCGCGC
miR-4785,CCGACUC
miR-4786-3p,UGGCUUC
miR-4786-5p,UGGUCUC
miR-4787-3p,GGCGCAU
miR-4787-5p,ACCCCCG
miR-4788,GUCCGUA
miR-4789-3p,UAUGUGU
miR-4789-5p,GUGUAUA
miR-4790-3p,ACCAUUC
miR-4790-5p,AAAGCGA
miR-4792,GCUCACC
miR-4793-3p,AGUGCAG
miR-4793-5p,CAGGAUG
miR-4795-3p,AAUAAUA
miR-4795-5p,CCACUUC
miR-4796-3p,CCACUUU
miR-4796-5p,UAUAGAC
miR-4797-3p,UACUGAG
miR-4797-5p,ACUCUGU
miR-4798-3p,CGUGAGU
miR-4798-5p,AUACCGA
miR-4799-5p,AUUUAGA
miR-4800-3p,GACGGAU
miR-4800-5p,GGUCCAC
miR-4802-3p,UCCAUGU
miR-4802-5p,CCUCCAU
miR-4803,UUAUGUU
miR-4804-3p,GUUAAGC
miR-4804-5p,CCGUCCA
miR-4999-3p,GGUAGUG
miR-4999-5p,AUACAGC
miR-5000-3p,UGUCCUG
miR-5000-5p,CUGAACU
miR-5001-3p,AGGCAGA
miR-5002-3p,GGCAGUC
miR-5002-5p,ACCAAAU
miR-5003-3p,GAAAAGU
miR-5003-5p,UGUUGUG
miR-5004-3p,AAUCCAA
miR-5004-5p,UGUCCUC
miR-5006-5p,CCUGGCA
miR-5007-3p,CAUAUGA
miR-5007-5p,AGACUCU
miR-5008-3p/6737-3p/7157-3p,AGCACAG
miR-5008-5p,GGGCCUC
miR-5009-3p,AUUUAGG
miR-5009-5p/8058,AAGUCCA
miR-5010-3p,ACACAAA
miR-5010-5p,AUCCCCC
miR-5011-3p,CCAUGCA
miR-5011-5p,UAUAUAU
miR-5087,ACAAACC
miR-5088-3p,AGAAGGG
miR-5088-5p,GAGCCCU
miR-5089-3p,AGUAGCA
miR-5089-5p,AAUCCCA
miR-5090/6775-5p,UGCCCCG
miR-5091,GUCUCCG
miR-5092,CGUGGAU
miR-5093,CAUUUCC
miR-5094,CACUGAU
miR-5095/7151-3p,GCCUGUA
miR-5096,GGUGAAA
miR-5100,GAUCUGA
miR-5186,CAAUCUC
miR-5187-3p,GAUUCAG
miR-5187-5p,UCAUCCC
miR-5188,GUCCGAU
miR-5189-3p,GGUUGGC
miR-5190,GUCACUG
miR-5191,CCUAUCC
miR-5192,ACUCUCC
miR-5193,GAGGAGG
miR-5194,ACCCCUC
miR-5195-5p,UAGGGGU
miR-5196-3p,GAGGAUG
miR-5197-3p,CUCUUCU
miR-5197-5p,UGCCAUU
miR-5571-3p,CCUAGGA
miR-5571-5p,GAGAAUU
miR-5572,ACCCCAA
miR-5579-3p,UAAGCUA
miR-5579-5p,GUACCAU
miR-5580-3p,CAUAUGU
miR-5580-5p,AGCCAGC
miR-5581-3p,GCAUGGA
miR-5582-3p,AAGUUUU
miR-5582-5p,UGUGCCU
miR-5583-3p,CCAUAUU
miR-5584-3p,AAGAACU
miR-5584-5p,UUUCCCU
miR-5585-3p,CUAUUCA
miR-5585-5p,GUACUUC
miR-5586-3p,UCACUCU
miR-5586-5p,GCUGGAU
miR-5587-3p,CCCGGGG
miR-5587-5p,GUGACCA
miR-5588-3p,UGGGACU
miR-5589-3p,CAUGUGC
miR-5589-5p,ACCCAGC
miR-5590-5p,UAUGGCA
miR-5591-3p,AUGGGUA
miR-5680,CAUUUCU
miR-5681a,CCCUUUC
miR-5681b,CAAUACC
miR-5682,GGUGCUA
miR-5683,CAUCUGU
miR-5684,CUAGAGU
miR-5687,CGUUCUA
miR-5689,UGUAUGC
miR-5690,GUAGCUG
miR-5691,CAGAGCA
miR-5692a,AUUAUUU
miR-5692bc,AUAUUAU
miR-5693,GCCACUG
miR-5694,AUGAUCU
miR-5695,CUUGGAG
miR-5696,UAAAUGA
miR-5697,CUACUUG
miR-5699-5p,UUGGGGC
miR-5700,AUGCAUU
miR-5701,GACAAUA
miR-5702,CUGACUC
miR-5704,UGGCCUA
miR-5705,CCGAAAC
miR-5707,UCAAACG
miR-5708,UCGCUCA
miR-5739,CUCUCCG
miR-6068,CUCGCAG
miR-6069,CCUAGCC
miR-6070,GGAACCG
miR-6071,CAGCAGA
miR-6072/6891-3p,GAUGAGG
miR-6073,UCACUAC
miR-6074,UGAAUAU
miR-6075,UGGGCCG
miR-6076/6797-3p,GUCAUGC
miR-6077,CUCUUCC
miR-6078,UCAGGCG
miR-6079,GCUUCCA
miR-6080,GCACUAG
miR-6081,CUGCUCC
miR-6082,ACGUAUU
miR-6083,GAUAUAA
miR-6084,UGGCGGA
miR-6085/6813-5p,AGCCCCU
miR-6087,CCGCCUC
miR-6089,CGGCCUC
miR-6090,CGCUCCC
miR-6124,CUUUUCC
miR-6125,CCUUCCG
miR-6126,GCCUUCA
miR-6128,AUUCCAG
miR-6131,GACCAGC
miR-6132/6836-5p,GCCCUGC
miR-6134,CCACCUC
miR-6165,UCCUGCU
miR-6499-3p,ACACUGC
miR-6499-5p,GCGCCCG
miR-6500-3p,ACAAGUG
miR-6501-3p,UGCUCUG
miR-6501-5p,UGGCAAC
miR-6502-3p,AUGGUCU
miR-6503-3p,CUAGUCC
miR-6504-3p,CUGUAAU
miR-6505-3p,AGAAGUC
miR-6505-5p,UAUUCCA
miR-6506-3p,UGAUACG
miR-6507-3p,GGACUUU
miR-6507-5p,UAUUCUU
miR-6508-3p,AUGGCCC
miR-6508-5p/8067,UUUCUAG
miR-6509-3p,CAGUGGA
miR-6509-5p,UACCUAA
miR-6510-3p,AGUCGGU
miR-6510-5p,CCCUGCU
miR-6511-3p,UGGUGAG
miR-6511-5p,GCCUGCA
miR-6512-5p,UAAUGGU
miR-6513-3p,ACACUUG
miR-6513-5p,AUCCCAA
miR-6514-3p,ACAGGCA
miR-6514-5p,ACUCCAU
miR-6515-3p,UGAAGAG
miR-6515-5p,CCCUCCA
miR-6516-3p,UACAUGA
miR-6516-5p,ACUGCAA
miR-6715a-3p,UGGUUUG
miR-6715b-3p,GGUUUGA
miR-6716-3p,AGUUCGG
miR-6716-5p,CAUUCCC
miR-6717-5p,CAUCGCC
miR-6719-3p,AUGUCAG
miR-6720-3p,CAGGCGC
miR-6720-5p,GGCUGGA
miR-6721-5p,CCUGCCC
miR-6722-5p,GUGCGCC
miR-6723-5p,CGGACUA
miR-6724-5p/6773-5p,GGGCCCA
miR-6726-3p,AGGGCGA
miR-6727-5p,GCCCCGA
miR-6728-3p,AGCAGAG
miR-6728-5p,CAUCCCA
miR-6729-3p,GGGGAUG
miR-6730-3p,GUGUCAG
miR-6730-5p,ACCUUUC
miR-6731-3p,GGAAUAG
miR-6731-5p/8085,CUCUCCC
miR-6732-3p,CAGGGUU
miR-6732-5p,ACCCCCU
miR-6733-3p,GACACUG
miR-6734-3p,GGGAAGG
miR-6734-5p,CCCCUCA
miR-6735-3p,ACAGGCC
miR-6736-3p,GGAGCUG
miR-6737-5p/6812-5p/6819-5p,CACCCCA
miR-6738-3p,GGCAGAA
miR-6739-3p,AGAACAA
miR-6740-3p,AGAAGAC
miR-6740-5p,CCCAAAC
miR-6741-3p,AGAGCCG
miR-6741-5p,GCACCCA
miR-6742-3p,ACCCAGG
miR-6742-5p,ACCCCAC
miR-6743-3p,GAGCGGC
miR-6744-5p,GUCAUCC
miR-6746-3p,GGCGGCU
miR-6746-5p,UCUCCCG
miR-6747-3p,AGGCAGG
miR-6747-5p,ACACCCC
miR-6748-3p,GGACAGG
miR-6748-5p,CACCCAC
miR-6749-3p,GGGAGGA
miR-6749-5p,AGGCCCG
miR-6750-3p,GUGAGUU
miR-6750-5p/6822-5p,GUUCCCU
miR-6751-5p/6803-5p,ACCCCCA
miR-6752-3p,GGCAGGG
miR-6752-5p/6842-5p/7110-5p,CACCCCC
miR-6753-3p/7107-3p,ACAGACC
miR-6753-5p,CCCUGGU
miR-6755-3p,UGACAAC
miR-6755-5p,CUACCCU
miR-6756-5p/6766-5p,CCCACCC
miR-6757-3p,CCAGUGU
miR-6757-5p,CAUCCCU
miR-6758-3p,GAAUGAG
miR-6758-5p/6856-5p,CCUCUCU
miR-6759-3p,AAAGGUC
miR-6759-5p,ACCCACA
miR-6760-3p,GACAGUG
miR-6760-5p,UCUCCCU
miR-6761-3p,GCGUAGG
miR-6761-5p,CUCUCAG
miR-6762-3p,AGCAGCC
miR-6762-5p/6845-5p,UGGCCCC
miR-6763-3p,CCGGGGA
miR-6764-3p/6824-3p,ACCAGAG
miR-6765-3p,CCAGGUG
miR-6765-5p,CGCCUCA
miR-6767-3p,GCACGUG
miR-6767-5p,GUCUGCG
miR-6768-3p,GGCCUUU
miR-6768-5p,CCUGUGU
miR-6769a-3p,AGGGGCU
miR-6769a-5p/6769b-5p,ACCCACC
miR-6770-3p,GCCGCCA
miR-6770-5p,CCUUCUC
miR-6771-3p,GGGGUUU
miR-6771-5p,CUCCCGA
miR-6772-3p,AGGAGCA
miR-6772-5p,UACACCC
miR-6773-3p,GUGACAG
miR-6774-3p,GGACACG
miR-6776-3p,GGUGGUU
miR-6776-5p,CACCCAG
miR-6777-3p,AGAGUGG
miR-6777-5p/6889-5p,CUCCCCG
miR-6778-3p,GGGAGGC
miR-6779-3p,CAGGGCU
miR-6780a-3p,CAGAGGA
miR-6780b-3p,ACAAGGG
miR-6781-5p,CCGGCCC
miR-6782-3p,CAAAGGU
miR-6782-5p,CACCCCU
miR-6783-5p,UUCCCCU
miR-6784-3p/6862-3p,GGGUGAG
miR-6784-5p,GCCCCGG
miR-6785-3p,GGCGAUG
miR-6786-3p,GGGCGUC
miR-6786-5p,CCCACCG
miR-6787-3p,AGCUGAG
miR-6788-3p,GUGGCGA
miR-6789-3p,GGGCGCC
miR-6789-5p,GCCCCUA
miR-6790-3p,CGAGGUC
miR-6791-3p/6829-3p,AGGAGGC
miR-6792-5p,CUGCUUA
miR-6793-3p,GUUGGGG
miR-6793-5p,AACCCAC
miR-6794-3p,AGAGUGA
miR-6795-3p,CGAGGGG
miR-6795-5p/6887-5p,UCCCCCC
miR-6796-3p,AGAGCUU
miR-6796-5p,CCCCACA
miR-6798-3p,GGGGGUA
miR-6798-5p,CCCCCUG
miR-6799-5p,ACCUCCC
miR-6800-3p,GAGAGGU
miR-6800-5p,UCACCUA
miR-6801-3p/6810-3p,GCAGGGG
miR-6801-5p,UCUGACC
miR-6802-3p,GGGGUGA
miR-6802-5p,CCACCUA
miR-6803-3p,GCGAGGG
miR-6804-3p,CAGGUGC
miR-6804-5p,CACCCUC
miR-6805-5p,GCCCCCU
miR-6806-5p,UGCCUAC
miR-6807-5p,UGGCUCA
miR-6808-3p,GGUCACA
miR-6809-3p,AAGAGAA
miR-6809-5p,CCUUGCC
miR-6810-5p,GUCCCCA
miR-6811-3p,CACAGGC
miR-6812-3p,AAGAGCG
miR-6813-3p,CCAAGGU
miR-6814-3p/6872-5p,AUGCGAG
miR-6814-5p,CCUUGGG
miR-6815-3p,AGAAGCC
miR-6815-5p/6865-5p,GCCACCU
miR-6816-3p,GGUCCUU
miR-6817-3p,CAGAGAG
miR-6818-3p,AGAGACA
miR-6818-5p,UCACACA
miR-6819-3p/6877-3p,AGAGGCU
miR-6820-5p,CUGCCGC
miR-6821-3p,AGAGGUC
miR-6821-5p,CCACGCA
miR-6822-3p,UAGAGCC
miR-6823-5p,AACCCUG
miR-6824-5p,UCCCCUA
miR-6825-3p,GUCAGCG
miR-6825-5p,CCUCCCC
miR-6826-3p,GAGGGGA
miR-6826-5p,CCUAUUG
miR-6827-5p,GGCUCCC
miR-6828-3p,GAGCAGA
miR-6828-5p,UGCUUCC
miR-6829-5p,GCAGCCC
miR-6830-3p,GAAAGAC
miR-6830-5p,UUCCUUG
miR-6831-3p,GUUAGUC
miR-6832-3p,AAAAGGG
miR-6832-5p,UCUCUAC
miR-6833-5p,UUCCACA
miR-6834-3p,GGGACAU
miR-6834-5p,UCCCUCA
miR-6835-5p,UACCCCC
miR-6836-3p,GGAGGCA
miR-6837-3p,AGUGAAG
miR-6838-3p,CAGGACU
miR-6839-3p,AAACCCA
miR-6840-3p,UCCUGGG
miR-6840-5p,CCGGGGG
miR-6841-3p,UGCAAGG
miR-6841-5p,GUACCCU
miR-6842-3p,CCAGCCA
miR-6843-3p/6848-3p,GAGACCA
miR-6844,ACAAAGA
miR-6845-3p,AGGAGAG
miR-6846-3p,AGGGGUC
miR-6846-5p/6848-5p,AGCCCCC
miR-6847-3p,CAUGAGC
miR-6847-5p,UCCUCUG
miR-6849-3p,AGGCUGG
miR-6850-3p,CGGCCGG
miR-6850-5p,UUCCGCA
miR-6851-3p,AAGGGCC
miR-6852-5p,CCCCAGG
miR-6853-3p,AAUGAAC
miR-6853-5p,CCCACGC
miR-6854-3p,GAAACGC
miR-6854-5p,CUGAGCU
miR-6856-3p,GGGCUGU
miR-6857-3p,CUCAGUC
miR-6857-5p,AUCCCCA
miR-6858-3p,GCUGGCU
miR-6859-3p,GGGGGUC
miR-6861-3p,GAGGUCC
miR-6861-5p,UACCCAG
miR-6863,CACGUCU
miR-6864-5p,CCCUUCA
miR-6865-3p,GAGGGUG
miR-6866-5p,GCCUCUA
miR-6867-3p,AGGGAGA
miR-6867-5p,CACACAC
miR-6868-3p,AGAAGGA
miR-6868-5p,CUGCCAG
miR-6869-3p,GCGCGGC
miR-6869-5p,CUACUCA
miR-6870-3p,GGAUGAG
miR-6871-3p,GGGUGCU
miR-6871-5p,CUCCCAU
miR-6872-3p,GGCAUGG
miR-6873-3p,AGAGAGA
miR-6873-5p,UCCCUCU
miR-6874-5p,AGCUCCA
miR-6875-3p,GGAAGAA
miR-6877-5p,UCGGCCC
miR-6878-3p,GAGGCCA
miR-6878-5p,UUCUCCC
miR-6879-3p,GGGUGAC
miR-6880-3p,GAAGGCG
miR-6880-5p,CUCCACC
miR-6881-3p,AAGAGGA
miR-6881-5p,UUACCCC
miR-6882-3p,AGGCAGC
miR-6882-5p,GACUUGU
miR-6883-3p,AUAGGGA
miR-6884-3p,GUGAUGG
miR-6885-3p,AAGCAAA
miR-6886-3p,GAAGGGC
miR-6886-5p,CCUGCGG
miR-6887-3p,GGAGGGG
miR-6888-3p,AGACAGA
miR-6888-5p,AUCUCCU
miR-6889-3p,GGCACAG
miR-6890-3p,GGCAGUG
miR-6890-5p,ACCCCAU
miR-6892-3p,GAGAGGG
miR-6892-5p,UCCCUUA
miR-6894-3p,GCAGGCA
miR-6894-5p,AUCCUCC
miR-6895-3p,GAGAGAC
miR-6895-5p,UGGCCCU
miR-7106-3p,AGGGAGC
miR-7106-5p,UCCUCCC
miR-7108-3p,GGGCGGG
miR-7108-5p,GGCCACA
miR-7109-3p,GAGGCUU
miR-7109-5p,CCCCCCA
miR-7110-3p,GAGAGAG
miR-7111-3p,GAGAGGA
miR-7112-3p,GUGAUGC
miR-7112-5p,CUGCCCG
miR-7113-3p,CAGGGAG
miR-7113-5p,UCCCUGG
miR-7114-5p,UCCACAG
miR-7150,CCUGCCA
miR-7151-5p,GAUGGAU
miR-7152-3p,GGACCAG
miR-7152-5p,ACAGGAA
miR-7153-3p,CCAUGGU
miR-7154-3p,GUCCUCC
miR-7154-5p,UUCAUGA
miR-7155-5p,ACCCCAG
miR-7156-3p,GGCUGCA
miR-7158-3p,UAGUUCA
miR-7158-5p,AUUGAGC
miR-7159-3p,CAUAGAA
miR-7159-5p,UUGUUGA
miR-7160-3p,GGGCCCU
miR-7160-5p,CCUCAGC
miR-7161-3p,AAGAUCU
miR-7162-3p,ACCUCAG
miR-7515,UCCCUUC
miR-7641,GAGAUCA
miR-7702,AGUCUAA
miR-7703,GAGUGCA
miR-7704,CGACCCC
miR-7705,GAGCUAU
miR-7706,GCGCUUC
miR-7843-3p,GGCUUCA
miR-7844-5p,CUAGUUU
miR-7845-5p,UGUCCCU
miR-7846-3p,CUCCGCU
miR-7847-3p,CCUCCAC
miR-7848-3p,GAGGGUA
miR-7849-3p,CAAUUGU
miR-7850-5p,GUCCAAA
miR-7851-3p,CCCAGGU
miR-7852-3p,ACUACAU
miR-7854-3p,UCACCUC
miR-7855-5p,CUCACCA
miR-7856-5p,CCUUAAA
miR-7973,GGGUCAC
miR-7974,CACAGCC
miR-7975,ACUAGGA
miR-7976,UCAGGGC
miR-7977,GCUGGGA
miR-7978,ACACCAG
miR-8053,AAUCGCC
miR-8055,GCUCAAA
miR-8056,AAUCCAC
miR-8057,AGAGCCA
miR-8060,CUUCAUG
miR-8062,AAUCACU
miR-8063,GAUUUUG
miR-8064,AGUGUGC
miR-8065,UUCCUAC
miR-8066,UCACAUU
miR-8068,AACAAAC
miR-8069,AACCAUC
miR-8070,AAUCACA
miR-8071,GUCCACC
miR-8074,CGCCAUA
miR-8075,CAUCAGC
miR-8076,UCCAUAU
miR-8077,ACUCAGC
miR-8078,CCUAGAC
miR-8080,UGUCCUU
miR-8081,GACUCAA
miR-8083,AAGUCCU
miR-8084,UAGUAUU
miR-8086,GACUAGC
miR-8087,AAGUCUU
miR-8088,UACCGAG
miR-8485,UGUGUGU
miR-9500,CUUCCCU
