hexamer,RBP
AAAAAA,"ENSG00000250177,ENSG00000250177,HNRNPR,HNRNPR,PABPC1,PABPC1L,PABPC1L,PABPC4,SART3,SYNCRIP,SYNCRIP,ZFP36"
AAAAAC,"HNRNPR,IGF2BP2,IGF2BP3,PABPC1L,PABPC3,SYNCRIP"
AAAAAG,"HNRNPR,HNRNPR,SYNCRIP,SYNCRIP,ZFP36"
AAAAAU,"HNRNPR,HNRNPR,KHDRBS3,SYNCRIP,SYNCRIP,ZFP36"
AAAACA,"IGF2BP2,IGF2BP3,PABPC1L,PABPC3"
AAAACC,"PABPC1L,PABPC3"
AAAAGA,"PABPN1,PABPN1L,ZFP36"
AAAAGG,ZFP36
AAAAGU,ZFP36
AAAAUA,"HNRNPR,SYNCRIP,ZFP36"
AAAAUC,"HNRNPR,IGF2BP2,IGF2BP3,SYNCRIP"
AAAAUG,"HNRNPR,SYNCRIP"
AAAAUU,"HNRNPR,HNRNPR,KHDRBS3,SYNCRIP,SYNCRIP"
AAACAC,IGF2BP3
AAACUC,IGF2BP3
AAAGAA,"BX511012.1,Fusip1,PABPN1,PABPN1L,SFRS13A,SRSF12,ZFP36"
AAAGAC,"PABPN1,PABPN1L,SFRS13A"
AAAGAG,"BX511012.1,Fusip1,PABPN1,PABPN1L,SFRS13A,SRSF12"
AAAGAU,"PABPN1,PABPN1L"
AAAGCC,NCL
AAAGGA,"BX511012.1,Fusip1,SFRS13A,SRSF12,ZFP36"
AAAGGC,SFRS13A
AAAGGG,"BX511012.1,Fusip1,SFRS13A,SRSF12"
AAAGUA,ZFP36
AAAUAA,ZFP36
AAAUAC,"IGF2BP2,IGF2BP3"
AAAUAG,"HNRNPR,SYNCRIP"
AAAUAU,"HNRNPR,KHDRBS3,SYNCRIP"
AAAUCA,"IGF2BP2,IGF2BP3"
AAAUCC,"NCL,PTBP1"
AAAUCU,PTBP1
AAAUUA,KHDRBS3
AAAUUC,"IGF2BP2,IGF2BP3,KHDRBS3,PTBP1"
AAAUUG,"HNRNPR,SYNCRIP"
AAAUUU,"HNRNPR,KHDRBS3,PTBP1,SF3B4,SYNCRIP"
AACAAC,"CSDA,YBX2"
AACACA,IGF2BP3
AACACC,"CSDA,QKI"
AACACG,QKI
AACACU,QKI
AACAGA,KHDRBS3
AACAGG,KHDRBS3
AACAUA,KHDRBS3
AACAUC,"CSDA,CSDA,CSDA,CSDA,CSDA,CSDA,NOVA2,QKI,YB-1,YB-1,YBX2"
AACAUG,"KHDRBS3,QKI"
AACAUU,QKI
AACCAG,"SRSF4,SRSF6"
AACCCC,QKI
AACCCG,"QKI,SRSF4,SRSF6"
AACCCU,QKI
AACCGA,KHDRBS3
AACCGG,KHDRBS3
AACCGU,KHDRBS3
AACCUA,KHDRBS3
AACCUC,QKI
AACCUG,"KHDRBS3,QKI,SRSF4,SRSF6"
AACCUU,"KHDRBS3,QKI"
AACGAC,FXR1
AACUAA,RBM42
AACUAC,RBM42
AACUCA,IGF2BP3
AACUCC,"PTBP1,QKI"
AACUCG,QKI
AACUCU,"PTBP1,QKI"
AACUGA,KHDRBS3
AACUGG,KHDRBS3
AACUGU,KHDRBS3
AACUUA,KHDRBS3
AACUUC,"NOVA2,PTBP1,QKI"
AACUUG,"KHDRBS3,QKI"
AACUUU,"KHDRBS3,PTBP1,QKI"
AAGAAA,"BX511012.1,Fusip1,SRSF12,ZFP36"
AAGAAC,"SFRS1,SFRS13A"
AAGAAG,"BX511012.1,Fusip1,SFRS13A,SRSF12"
AAGAAU,SFRS13A
AAGACA,"ENOX1,ENOX2,SFRS1"
AAGACC,SFRS13A
AAGACG,"SFRS1,SFRS13A"
AAGACU,SFRS13A
AAGAGA,"BX511012.1,Fusip1,SRSF12"
AAGAGC,"SFRS1,SFRS13A"
AAGAGG,"BX511012.1,Fusip1,SFRS13A,SRSF12"
AAGAGU,SFRS13A
AAGAUA,HNRPDL
AAGAUC,CSDA
AAGCAC,IGF2BP1
AAGCAG,SNRPA
AAGCAU,IGF2BP1
AAGCCC,NCL
AAGCGA,KHDRBS3
AAGCGU,KHDRBS3
AAGCUA,KHDRBS3
AAGCUU,KHDRBS3
AAGGAA,"BX511012.1,Fusip1,RBM5,SRSF1,SRSF12,ZFP36"
AAGGAC,"SFRS1,SFRS13A,SRSF1,SRSF1"
AAGGAG,"BX511012.1,Fusip1,RBM5,SFRS13A,SRSF12"
AAGGAU,SFRS13A
AAGGCC,SFRS13A
AAGGCG,SFRS13A
AAGGCU,SFRS13A
AAGGGA,"BX511012.1,Fusip1,SRSF1,SRSF12"
AAGGGC,"SFRS1,SFRS13A,SRSF1"
AAGGGG,"BX511012.1,Fusip1,RBM5,SFRS13A,SRSF12"
AAGGGU,SFRS13A
AAGGUA,RBM5
AAGUAA,ZFP36
AAGUAG,NCL
AAGUGA,KHDRBS3
AAGUGU,KHDRBS3
AAGUUA,KHDRBS3
AAGUUU,KHDRBS3
AAUAAA,"KHDRBS2,KHDRBS3,ZFP36"
AAUAAG,ZFP36
AAUAAU,KHDRBS3
AAUACA,"IGF2BP2,IGF2BP3"
AAUACC,QKI
AAUACG,QKI
AAUACU,QKI
AAUAGA,KHDRBS3
AAUAGG,KHDRBS3
AAUAUA,KHDRBS3
AAUAUC,QKI
AAUAUG,"KHDRBS3,QKI"
AAUAUU,"KHDRBS3,QKI"
AAUCAA,"RBM46,RBM47,SNRNP70"
AAUCAU,"RBM46,RBM47"
AAUCCA,RBM6
AAUCCC,"NCL,PTBP1,QKI"
AAUCCG,QKI
AAUCCU,"PTBP1,QKI"
AAUCGA,KHDRBS3
AAUCGG,KHDRBS3
AAUCUA,KHDRBS3
AAUCUC,"PTBP1,QKI"
AAUCUG,"KHDRBS3,QKI"
AAUCUU,"MATR3,PTBP1,QKI"
AAUGAA,"RBM46,RBM47,TARDBP"
AAUGAC,FXR1
AAUGAG,TARDBP
AAUGAU,"RBM46,RBM47,TARDBP"
AAUUAA,"KHDRBS3,ZCRB1"
AAUUAU,KHDRBS3
AAUUCA,"IGF2BP2,IGF2BP3,KHDRBS3"
AAUUCC,"PTBP1,QKI"
AAUUCG,QKI
AAUUCU,"KHDRBS3,PTBP1,QKI"
AAUUGA,KHDRBS3
AAUUGG,KHDRBS3
AAUUUA,"KHDRBS3,KHDRBS3"
AAUUUC,"KHDRBS3,PTBP1,QKI"
AAUUUG,"KHDRBS3,QKI"
AAUUUU,"KHDRBS3,PTBP1,QKI,SF3B4"
ACAAAA,"SF3B4,SFRS1"
ACAAAC,"IGF2BP2,IGF2BP3,PABPC1"
ACAAAG,SFRS1
ACAAAU,PABPC1
ACAACA,"CSDA,CSDA,SRSF3,YBX2"
ACAACG,"CSDA,SRSF3,YBX2"
ACAACU,"CSDA,YBX2"
ACAAUC,"IGF2BP2,IGF2BP3"
ACACAA,"ENSG00000215042,ENSG00000215042,HNRNPL,HNRNPL"
ACACAC,"ENSG00000215042,HNRNPL,hnRNPLL,IGF2BP3"
ACACCA,CSDA
ACACCC,PTBP1
ACACCG,CSDA
ACACCU,PTBP1
ACACGA,"ENSG00000215042,HNRNPL"
ACACGC,hnRNPLL
ACACUC,"IGF2BP3,PTBP1"
ACACUU,PTBP1
ACAGAA,"CNOT4,SFRS1"
ACAGAG,"KHDRBS3,SFRS1"
ACAGAU,"CNOT4,KHDRBS3"
ACAGGG,KHDRBS3
ACAGGU,KHDRBS3
ACAUAC,"IGF2BP2,IGF2BP3"
ACAUAG,KHDRBS3
ACAUAU,KHDRBS3
ACAUCA,"CSDA,CSDA,CSDA,NOVA2,YB-1,YB-1,YBX2"
ACAUCC,"NOVA2,PTBP1"
ACAUCG,"CSDA,CSDA,CSDA,YB-1,YBX2"
ACAUCU,"CSDA,PTBP1,YBX2"
ACAUGA,NOVA2
ACAUGC,NOVA2
ACAUGG,KHDRBS3
ACAUGU,KHDRBS3
ACAUUA,NOVA2
ACAUUC,"IGF2BP2,IGF2BP3,NOVA2,PTBP1"
ACAUUU,PTBP1
ACCAAC,QKI
ACCAAU,QKI
ACCACC,CSDA
ACCAGC,SNRPA
ACCAGG,"SRSF4,SRSF6"
ACCAGU,SNRPA
ACCAUC,"CSDA,CSDA,NOVA2,YB-1"
ACCCCC,PTBP1
ACCCCU,"IGF2BP1,PTBP1"
ACCCGG,"SRSF4,SRSF6"
ACCCGU,IGF2BP1
ACCCUC,PTBP1
ACCCUU,PTBP1
ACCGAG,KHDRBS3
ACCGAU,KHDRBS3
ACCGGG,KHDRBS3
ACCGGU,KHDRBS3
ACCGUU,KHDRBS3
ACCUAG,KHDRBS3
ACCUAU,KHDRBS3
ACCUCA,NOVA2
ACCUCC,"NOVA2,PTBP1"
ACCUCU,PTBP1
ACCUGA,NOVA2
ACCUGC,"NOVA2,SNRPA"
ACCUGG,"KHDRBS3,SRSF4,SRSF6"
ACCUGU,"KHDRBS3,SNRPA"
ACCUUA,NOVA2
ACCUUC,"NOVA2,PTBP1"
ACCUUU,"KHDRBS3,PTBP1"
ACGAAA,"RBM45,SFRS1"
ACGAAC,"PABPC1,RBM45"
ACGAAG,SFRS1
ACGAAU,PABPC1
ACGACA,"FXR1,RBM45"
ACGACC,RBM45
ACGACG,"FXR1,SFRS7,SRSF7"
ACGAGA,"SFRS7,SNRPA"
ACGAUA,SFRS7
ACGCAG,SNRPA
ACGCCU,IGF2BP1
ACGCGC,SFRS1
ACGCGU,IGF2BP1
ACGGAA,SFRS1
ACGGAG,SFRS1
ACGUCA,NOVA2
ACGUCC,NOVA2
ACGUGA,NOVA2
ACGUGC,NOVA2
ACGUUA,NOVA2
ACGUUC,NOVA2
ACUAAA,KHDRBS3
ACUAAC,"PABPC1,QKI,QKI,QKI"
ACUAAG,RBM42
ACUAAU,"KHDRBS3,PABPC1,QKI"
ACUACG,"RBM42,SFRS7"
ACUCCC,PTBP1
ACUCCU,PTBP1
ACUCUC,PTBP1
ACUCUU,PTBP1
ACUGAG,KHDRBS3
ACUGAU,KHDRBS3
ACUGGG,KHDRBS3
ACUGGU,KHDRBS3
ACUGUU,KHDRBS3
ACUUAA,ZCRB1
ACUUAG,KHDRBS3
ACUUAU,KHDRBS3
ACUUCA,NOVA2
ACUUCC,PTBP1
ACUUCU,PTBP1
ACUUGG,KHDRBS3
ACUUGU,KHDRBS3
ACUUUC,"PTBP1,PTBP1,PTBP1,PTBP2,PTBP2,ROD1,ROD1"
ACUUUU,"KHDRBS3,PTBP1,PTBP1,PTBP1,PTBP2,PTBP2,ROD1,ROD1"
AGAAAA,"ENSG00000250177,PABPC1,PABPC1L,PABPC5,SART3"
AGAAAG,ZFP36
AGAAAU,"PABPC5,PTBP1"
AGAACA,CSDA
AGAACU,PTBP1
AGAAGA,"PABPN1,PABPN1L,SFRS1"
AGAAGG,SFRS1
AGAAUG,TARDBP
AGAAUU,PTBP1
AGACAA,SFRS1
AGACAG,"ENOX1,ENOX2,SFRS1"
AGACAU,PTBP1
AGACCA,CSDA
AGACCU,PTBP1
AGACGA,"ANKHD1,ANKRD17,ENSG00000249536,SFRS1,SFRS7"
AGACGG,SFRS1
AGACGU,"ANKHD1,ANKRD17,ENSG00000249536"
AGACUA,SFRS7
AGACUU,PTBP1
AGAGAA,"BX511012.1,BX511012.1,BX511012.1,BX511012.1,Fusip1,Fusip1,Fusip1,Fusip1,SFRS13A,SFRS2,SFRS7,SRSF12,SRSF12,SRSF12,SRSF12"
AGAGAC,"BX511012.1,Fusip1,SFRS13A,SFRS7,SRSF12"
AGAGAG,"BX511012.1,BX511012.1,Fusip1,Fusip1,SFRS13A,SRSF12,SRSF12"
AGAGAU,"SFRS2,SFRS7"
AGAGCC,KHDRBS3
AGAGCG,KHDRBS3
AGAGCU,KHDRBS3
AGAGGA,"BX511012.1,Fusip1,SFRS13A,SRSF12"
AGAGGC,"KHDRBS3,SFRS13A"
AGAGGG,"BX511012.1,Fusip1,KHDRBS3,SFRS13A,SRSF12"
AGAGGU,KHDRBS3
AGAGUA,"MEX3B,MEX3C,MEX3D,SFRS2"
AGAGUC,NOVA2
AGAGUG,"RBM24,RBM38"
AGAGUU,SFRS2
AGAUAG,HNRPDL
AGAUAU,PTBP1
AGAUCA,NOVA2
AGAUCC,"KHDRBS3,NOVA2"
AGAUCG,KHDRBS3
AGAUCU,"KHDRBS3,PTBP1"
AGAUGA,NOVA2
AGAUGC,"KHDRBS3,NOVA2"
AGAUGG,KHDRBS3
AGAUGU,KHDRBS3
AGAUUA,NOVA2
AGAUUC,NOVA2
AGAUUU,PTBP1
AGCACA,SNRPB2
AGCACC,IGF2BP1
AGCACG,"IGF2BP1,SNRPB2"
AGCACU,SNRPB2
AGCAGA,SFRS2
AGCAGU,SNRPA
AGCAUC,"IGF2BP1,NOVA2"
AGCAUG,"A2BP1,EIF2S1,IGF2BP1,RBFOX2,RBFOX2,RBFOX3,RBFOX3"
AGCCCG,NCL
AGCGAU,KHDRBS3
AGCGUU,KHDRBS3
AGCUAU,KHDRBS3
AGCUCA,NOVA2
AGCUCC,NOVA2
AGCUGA,NOVA2
AGCUGC,NOVA2
AGCUUA,NOVA2
AGCUUC,NOVA2
AGCUUG,"MBNL1,MBNL2,MBNL3"
AGCUUU,KHDRBS3
AGGAAA,ZFP36
AGGACA,"ENOX1,ENOX2,SFRS1,SRSF1"
AGGACG,SFRS1
AGGAGA,"ENSG00000180771,LIN28A,LIN28B,SFRS2,SNRPA,SRSF2,SRSF9"
AGGAGC,SRSF9
AGGAGU,"ENSG00000180771,LIN28A,LIN28B,SRSF2"
AGGAUA,"G3BP2,HNRPDL"
AGGAUG,G3BP2
AGGCAG,SNRPA
AGGCGA,"SRSF4,SRSF6"
AGGGAA,RBM5
AGGGCC,KHDRBS3
AGGGCG,KHDRBS3
AGGGCU,KHDRBS3
AGGGGC,KHDRBS3
AGGGGG,KHDRBS3
AGGGGU,KHDRBS3
AGGGUA,RBM5
AGGUAA,"DAZAP1,ZRANB2"
AGGUAG,DAZAP1
AGGUCA,NOVA2
AGGUCC,"KHDRBS3,NOVA2"
AGGUCG,KHDRBS3
AGGUCU,KHDRBS3
AGGUGA,NOVA2
AGGUGC,"KHDRBS3,NOVA2"
AGGUGG,KHDRBS3
AGGUGU,KHDRBS3
AGGUUA,NOVA2
AGGUUC,NOVA2
AGUAAA,"MEX3B,MEX3C,MEX3D,ZFP36"
AGUAAG,"MEX3B,MEX3C,MEX3D,MSI1,MSI1,MSI2,MSI2"
AGUAGA,RBM28
AGUAGG,"MSI1,MSI1,MSI2,MSI2,NCL,SNRPA"
AGUAGU,"RBM28,SNRPA"
AGUAUA,"MEX3B,MEX3C,MEX3D"
AGUAUG,"MEX3B,MEX3C,MEX3D"
AGUCAU,NOVA2
AGUGAU,KHDRBS3
AGUGUG,"RBM24,RBM38,RBM38,RBM38,RBM38"
AGUGUU,KHDRBS3
AGUUAG,"MSI1,MSI1,MSI2,MSI2"
AGUUAU,KHDRBS3
AGUUGG,"MSI1,MSI1,MSI2,MSI2"
AGUUUU,KHDRBS3
AUAAAA,"KHDRBS1,KHDRBS2,KHDRBS3"
AUAAAC,"KHDRBS2,KHDRBS3"
AUAAAG,"KHDRBS3,ZFP36"
AUAAAU,"KHDRBS3,ZFP36"
AUAACA,CSDA
AUAAGG,ZFP36
AUAAGU,ZFP36
AUAAUU,A1CF
AUACAU,RBM41
AUACCA,"CSDA,SNRPA"
AUACCC,PTBP1
AUACCU,"PTBP1,SNRPA"
AUACGA,"CIRBP,RBM3"
AUACUA,"CIRBP,RBM3"
AUACUC,PTBP1
AUACUU,"PTBP1,RBM41"
AUAGAA,SFRS7
AUAGAC,SFRS7
AUAGAG,KHDRBS3
AUAGAU,"KHDRBS3,SFRS7"
AUAGCA,SNRPB2
AUAGCC,KHDRBS3
AUAGCG,KHDRBS3
AUAGCU,KHDRBS3
AUAGGC,KHDRBS3
AUAGGG,"ENSG00000215492,ENSG00000215492,ENSG00000231942,HNRNPA1,HNRNPA2B1,HNRNPA3,HNRNPA3,KHDRBS3"
AUAGGU,KHDRBS3
AUAUAC,"ENSG00000213250,ENSG00000213250,RBMS1,RBMS2,RBMS2,RBMS3"
AUAUAG,"ENSG00000213250,ENSG00000213250,ENSG00000213250,KHDRBS3,RBMS1,RBMS2,RBMS2,RBMS2,RBMS3,RBMS3"
AUAUAU,"ENSG00000213250,ENSG00000213250,KHDRBS3,RBMS2,RBMS2,RBMS3,RBMS3"
AUAUCC,"ENSG00000213250,KHDRBS3,PCBP3,PCBP4,PTBP1,RBMS1,RBMS2"
AUAUCG,"ENSG00000213250,KHDRBS3,RBMS1,RBMS2"
AUAUCU,"KHDRBS3,PTBP1"
AUAUGC,KHDRBS3
AUAUGG,KHDRBS3
AUAUGU,KHDRBS3
AUAUUA,KHDRBS3
AUAUUC,"ELAVL2,KHDRBS3,PTBP1"
AUAUUU,"ELAVL2,KHDRBS3,PTBP1,SF3B4"
AUCAAA,"RBM46,RBM47"
AUCAAC,"NOVA2,QKI,SRSF3,SRSF4,SRSF6"
AUCAAG,SNRNP70
AUCAAU,"QKI,RBM46,RBM47"
AUCACA,NOVA2
AUCACC,NOVA2
AUCAGC,NOVA2
AUCAUA,"NOVA2,RBM46,RBM47"
AUCAUC,"NOVA2,SRSF3"
AUCAUU,"ELAVL2,RBM46,RBM47"
AUCCAA,RBM6
AUCCAC,NOVA2
AUCCAG,RBM6
AUCCCA,PTBP1
AUCCCC,"NOVA2,PTBP1"
AUCCCG,NCL
AUCCCU,"IGF2BP1,PTBP1"
AUCCGA,KHDRBS3
AUCCGC,NOVA2
AUCCGU,"IGF2BP1,KHDRBS3"
AUCCUA,"KHDRBS3,PTBP1"
AUCCUC,PTBP1
AUCCUU,"ELAVL2,KHDRBS3,PTBP1"
AUCGAG,KHDRBS3
AUCGAU,KHDRBS3
AUCGGG,KHDRBS3
AUCGGU,KHDRBS3
AUCUAG,KHDRBS3
AUCUAU,KHDRBS3
AUCUCA,PTBP1
AUCUCC,PTBP1
AUCUCU,PTBP1
AUCUGA,KHDRBS3
AUCUGG,KHDRBS3
AUCUGU,KHDRBS3
AUCUUA,"KHDRBS3,PTBP1"
AUCUUC,PTBP1
AUCUUG,MATR3
AUCUUU,"KHDRBS3,PTBP1"
AUGAAA,"RBM46,RBM47,RBM47,RBM47"
AUGAAC,"NOVA2,RBM47"
AUGAAG,RBM47
AUGAAU,"RBM46,RBM47,RBM47,RBM47"
AUGACA,"FXR1,SFRS1"
AUGACC,NOVA2
AUGACG,"FXR1,SFRS1"
AUGAGC,NOVA2
AUGAUA,"RBM46,RBM47,RBM47,RBM47"
AUGAUC,RBM47
AUGAUG,RBM47
AUGAUU,"RBM46,RBM47,RBM47,RBM47"
AUGCAC,"NOVA2,SNRPA,SNRPB2"
AUGCAU,"RBFOX2,RBFOX3"
AUGCCC,NOVA2
AUGCCU,IGF2BP1
AUGCGA,KHDRBS3
AUGCGC,NOVA2
AUGCGU,"IGF2BP1,KHDRBS3"
AUGCUA,KHDRBS3
AUGCUG,SNRPA
AUGCUU,KHDRBS3
AUGGAG,SF3B4
AUGGCC,KHDRBS3
AUGGCG,KHDRBS3
AUGGCU,KHDRBS3
AUGGGC,KHDRBS3
AUGGGG,KHDRBS3
AUGGGU,KHDRBS3
AUGUCC,KHDRBS3
AUGUCG,KHDRBS3
AUGUCU,KHDRBS3
AUGUGA,KHDRBS3
AUGUGC,KHDRBS3
AUGUGG,KHDRBS3
AUGUGU,KHDRBS3
AUGUUA,KHDRBS3
AUGUUU,KHDRBS3
AUUAAA,"KHDRBS3,KHDRBS3"
AUUAAC,"KHDRBS3,KHDRBS3,NOVA2,QKI"
AUUAAG,ZCRB1
AUUAAU,"KHDRBS3,KHDRBS3,KHDRBS3,QKI,ZCRB1"
AUUACC,NOVA2
AUUAGC,NOVA2
AUUAUA,KHDRBS3
AUUAUC,KHDRBS3
AUUAUU,"ELAVL2,KHDRBS3"
AUUCAA,"KHDRBS3,SNRNP70"
AUUCAC,"KHDRBS3,NOVA2"
AUUCAU,"ELAVL2,KHDRBS3"
AUUCCA,"PTBP1,SNRPA"
AUUCCC,"NOVA2,PTBP1"
AUUCCU,"PTBP1,SNRPA"
AUUCGC,NOVA2
AUUCUA,"KHDRBS3,PTBP1"
AUUCUC,"KHDRBS3,PTBP1"
AUUCUU,"ELAVL2,KHDRBS3,PTBP1"
AUUGAG,KHDRBS3
AUUGAU,KHDRBS3
AUUGCA,"SNRPA,SNRPA,SNRPA,SNRPA,SNRPB2"
AUUGGG,KHDRBS3
AUUGGU,KHDRBS3
AUUUAA,"KHDRBS3,ZFP36"
AUUUAC,KHDRBS3
AUUUAG,KHDRBS3
AUUUAU,"ELAVL2,ELAVL2,ELAVL2,KHDRBS3,KHDRBS3,ZFP36"
AUUUCA,"KHDRBS3,PTBP1"
AUUUCC,"PCBP3,PCBP3,PCBP4,PCBP4,PTBP1"
AUUUCU,"KHDRBS3,PTBP1"
AUUUGG,KHDRBS3
AUUUGU,KHDRBS3
AUUUUA,"KHDRBS3,PTBP1"
AUUUUC,"ELAVL2,KHDRBS3,PCBP3,PCBP4,PTBP1,PTBP1,PTBP1,PTBP2,PTBP2,ROD1,ROD1"
AUUUUU,"CPEB2,CPEB3,ELAVL2,HNRNPC,HNRNPCL1,KHDRBS3,PTBP1,PTBP1,PTBP1,PTBP2,PTBP2,ROD1,ROD1,SF3B4,TIA1"
CAAAAA,"HNRNPR,HNRNPR,HNRNPR,SYNCRIP,SYNCRIP,SYNCRIP"
CAAAAC,"HNRNPR,SFRS1,SYNCRIP"
CAAAAG,SF3B4
CAAAAU,"HNRNPR,HNRNPR,SYNCRIP,SYNCRIP"
CAAACA,"IGF2BP2,IGF2BP3,PABPC1"
CAAACC,"hnRNPK,PABPC1,PCBP1,PCBP3,PCBP4"
CAAAGC,SFRS1
CAAAUA,"HNRNPR,PABPC1,SYNCRIP"
CAAAUC,"HNRNPR,PABPC1,SYNCRIP"
CAAAUU,"HNRNPR,HNRNPR,SYNCRIP,SYNCRIP"
CAACAA,SRSF3
CAACAC,"CSDA,QKI"
CAACAG,SRSF3
CAACAU,"CSDA,NOVA2,QKI"
CAACCA,"SRSF4,SRSF6"
CAACCC,"hnRNPK,QKI,SRSF4,SRSF6"
CAACCU,"QKI,SRSF4,SRSF6"
CAACGA,SRSF3
CAACGG,SRSF3
CAACUC,QKI
CAACUU,"NOVA2,QKI"
CAAGAA,SFRS13A
CAAGAC,SFRS13A
CAAGAG,SFRS13A
CAAGGA,"RBM5,SFRS13A"
CAAGGC,SFRS13A
CAAGGG,"RBM5,SFRS13A"
CAAUAC,QKI
CAAUAU,QKI
CAAUCA,"IGF2BP2,IGF2BP3"
CAAUCC,"PCBP1,PCBP3,PCBP4,QKI"
CAAUCU,QKI
CAAUUC,QKI
CAAUUU,QKI
CACAAA,"ENSG00000215042,ENSG00000215042,HNRNPL,HNRNPL"
CACAAC,"CSDA,ENSG00000215042,HNRNPL"
CACAAG,"ENSG00000215042,HNRNPL"
CACACA,"ENSG00000215042,HNRNPL,hnRNPLL,IGF2BP3"
CACACC,"CSDA,NOVA2,PTBP1"
CACACU,PTBP1
CACAUC,"NOVA2,PTBP1"
CACAUU,PTBP1
CACCAC,CSDA
CACCAU,"CSDA,NOVA2"
CACCCC,"IGF2BP1,NOVA2,PTBP1"
CACCCG,IGF2BP1
CACCCU,PTBP1
CACCGA,KHDRBS3
CACCGC,CSDA
CACCGU,KHDRBS3
CACCUA,KHDRBS3
CACCUC,PTBP1
CACCUU,"KHDRBS3,NOVA2,PTBP1"
CACGAA,"ENSG00000215042,HNRNPL"
CACGAC,"ENSG00000215042,HNRNPL"
CACGAG,"ENSG00000215042,HNRNPL"
CACGCA,hnRNPLL
CACGCC,IGF2BP1
CACGCG,IGF2BP1
CACUCA,IGF2BP3
CACUCC,PTBP1
CACUCU,PTBP1
CACUGA,KHDRBS3
CACUGU,KHDRBS3
CACUUA,KHDRBS3
CACUUC,"NOVA2,PTBP1"
CACUUU,"KHDRBS3,PTBP1"
CAGAAC,"CSDA,SFRS1"
CAGACA,"ENOX1,ENOX2"
CAGACC,CSDA
CAGAGA,SFRS2
CAGAGC,"KHDRBS3,SFRS1"
CAGAGG,KHDRBS3
CAGAGU,"NOVA2,SFRS2"
CAGAUC,KHDRBS3
CAGAUG,KHDRBS3
CAGCAU,NOVA2
CAGCGA,"KHDRBS3,ZC3H10"
CAGCGC,ZC3H10
CAGCGU,KHDRBS3
CAGCUA,"KHDRBS3,SNRPA"
CAGCUU,"KHDRBS3,NOVA2"
CAGGAA,EIF4B
CAGGAC,"EIF4B,SRSF1"
CAGGCG,"SRSF4,SRSF6"
CAGGGC,KHDRBS3
CAGGGG,KHDRBS3
CAGGUC,KHDRBS3
CAGGUG,KHDRBS3
CAGUAG,SNRPA
CAGUGA,"ACO1,KHDRBS3"
CAGUGC,ACO1
CAGUGU,"ACO1,KHDRBS3"
CAGUUA,"KHDRBS3,SNRPA"
CAGUUU,KHDRBS3
CAUAAA,KHDRBS3
CAUAAC,CSDA
CAUAAU,KHDRBS3
CAUACA,"IGF2BP2,IGF2BP3"
CAUACC,"CSDA,hnRNPK,NOVA2,NOVA2,PCBP1,PCBP3,PCBP4,PTBP1"
CAUACU,PTBP1
CAUAGC,"KHDRBS3,NOVA2"
CAUAGG,KHDRBS3
CAUAUC,"KHDRBS3,PTBP1"
CAUAUG,KHDRBS3
CAUAUU,PTBP1
CAUCAA,NOVA2
CAUCAC,NOVA2
CAUCAG,NOVA2
CAUCAU,NOVA2
CAUCCA,"NOVA2,RBM6"
CAUCCC,"hnRNPK,IGF2BP1,NOVA2,NOVA2,PTBP1"
CAUCCG,"IGF2BP1,NOVA2"
CAUCCU,PTBP1
CAUCGC,"CSDA,NOVA2"
CAUCUC,PTBP1
CAUCUU,"MATR3,PTBP1"
CAUGAA,NOVA2
CAUGAC,NOVA2
CAUGAG,NOVA2
CAUGCA,NOVA2
CAUGCC,"IGF2BP1,NOVA2"
CAUGCG,"IGF2BP1,NOVA2"
CAUGGC,KHDRBS3
CAUGGG,KHDRBS3
CAUGUC,KHDRBS3
CAUGUG,KHDRBS3
CAUUAA,NOVA2
CAUUAC,NOVA2
CAUUAG,NOVA2
CAUUCA,"IGF2BP2,IGF2BP3,NOVA2"
CAUUCC,"NOVA2,NOVA2,PCBP1,PCBP3,PCBP4,PTBP1"
CAUUCG,NOVA2
CAUUCU,PTBP1
CAUUGC,NOVA2
CAUUUA,ELAVL2
CAUUUC,PTBP1
CAUUUU,"CPEB2,CPEB3,ELAVL2,ELAVL2,PTBP1"
CCAAAA,"HNRNPR,SYNCRIP"
CCAAAC,"hnRNPK,PCBP1,PCBP3,PCBP4"
CCAAAU,"HNRNPR,SYNCRIP"
CCAACA,QKI
CCAACC,"hnRNPK,QKI"
CCAACU,QKI
CCAAUA,QKI
CCAAUC,"PCBP1,PCBP3,PCBP4,QKI"
CCAAUU,QKI
CCACAA,CSDA
CCACAC,"CSDA,PTBP1"
CCACAU,"NOVA2,PTBP1"
CCACCC,PTBP1
CCACCG,CSDA
CCACCU,PTBP1
CCACUC,PTBP1
CCACUU,"NOVA2,PTBP1"
CCAGAA,CSDA
CCAGAC,CSDA
CCAGAU,SFRS2
CCAGCG,ZC3H10
CCAGCU,SNRPA
CCAGGA,SFRS2
CCAGGC,"SRSF4,SRSF6"
CCAGGU,SFRS2
CCAGUA,SFRS2
CCAGUU,"SFRS2,SFRS2,SNRPA"
CCAUAA,CSDA
CCAUAC,"CSDA,hnRNPK,PCBP1,PCBP3,PCBP4,PTBP1"
CCAUAU,PTBP1
CCAUCA,"CSDA,NOVA2,YB-1"
CCAUCC,"hnRNPK,PTBP1"
CCAUCG,"CSDA,CSDA,YB-1"
CCAUCU,PTBP1
CCAUUC,"PCBP1,PCBP3,PCBP4,PTBP1"
CCAUUU,PTBP1
CCCAAC,QKI
CCCAAU,QKI
CCCACA,PTBP1
CCCACC,PTBP1
CCCACU,PTBP1
CCCAUA,PTBP1
CCCAUC,"NOVA2,PTBP1"
CCCAUU,PTBP1
CCCCAC,PTBP1
CCCCAU,"NOVA2,PTBP1"
CCCCCA,PTBP1
CCCCCC,"PCBP2,PCBP3,PCBP4,PTBP1"
CCCCCU,PTBP1
CCCCUA,PTBP1
CCCCUC,PTBP1
CCCCUU,"IGF2BP1,NOVA2,PTBP1"
CCCGAA,NCL
CCCGAU,KHDRBS3
CCCGCU,KHDRBS3
CCCGGC,"SRSF4,SRSF6"
CCCGUU,"IGF2BP1,KHDRBS3"
CCCUAC,PTBP1
CCCUAU,"KHDRBS3,PTBP1"
CCCUCA,PTBP1
CCCUCC,"PCBP2,PCBP3,PCBP4,PTBP1"
CCCUCU,"KHDRBS3,PTBP1"
CCCUUA,PTBP1
CCCUUC,"NOVA2,PTBP1"
CCCUUU,"KHDRBS3,PTBP1"
CCGAAA,NCL
CCGAAG,NCL
CCGAGC,KHDRBS3
CCGAGG,KHDRBS3
CCGAUA,KHDRBS3
CCGAUC,KHDRBS3
CCGAUG,KHDRBS3
CCGAUU,KHDRBS3
CCGCAU,NOVA2
CCGCGC,PPRC1
CCGCUA,KHDRBS3
CCGCUU,NOVA2
CCGGAA,EIF4B
CCGGAC,EIF4B
CCGGCG,"SRSF4,SRSF6"
CCGGGC,KHDRBS3
CCGGGG,KHDRBS3
CCGGUC,KHDRBS3
CCGGUG,KHDRBS3
CCGUUA,KHDRBS3
CCGUUU,KHDRBS3
CCUAAA,KHDRBS3
CCUAAC,"PCBP1,PCBP3,PCBP4,QKI"
CCUAAU,"KHDRBS3,QKI"
CCUACA,PTBP1
CCUACC,PTBP1
CCUACU,PTBP1
CCUAGC,KHDRBS3
CCUAGG,KHDRBS3
CCUAUA,"KHDRBS3,PTBP1"
CCUAUC,"KHDRBS3,PCBP1,PCBP3,PCBP4,PTBP1"
CCUAUG,KHDRBS3
CCUAUU,"KHDRBS3,PTBP1"
CCUCAA,NOVA2
CCUCAC,"NOVA2,PTBP1"
CCUCAG,NOVA2
CCUCAU,PTBP1
CCUCCA,"NOVA2,PTBP1"
CCUCCC,"NOVA2,PCBP2,PCBP3,PCBP4,PTBP1"
CCUCCG,NOVA2
CCUCCU,PTBP1
CCUCUA,"KHDRBS3,PTBP1"
CCUCUC,PTBP1
CCUCUU,PTBP1
CCUGAA,NOVA2
CCUGAC,NOVA2
CCUGAG,NOVA2
CCUGCA,NOVA2
CCUGCC,NOVA2
CCUGCG,"NOVA2,YBX1"
CCUGCU,SNRPA
CCUGGC,"KHDRBS3,SRSF4,SRSF6"
CCUGGG,KHDRBS3
CCUGUC,KHDRBS3
CCUGUG,KHDRBS3
CCUGUU,SNRPA
CCUUAA,NOVA2
CCUUAC,"NOVA2,PCBP1,PCBP3,PCBP4,PTBP1"
CCUUAG,NOVA2
CCUUAU,PTBP1
CCUUCA,"NOVA2,PTBP1"
CCUUCC,"NOVA2,PCBP2,PCBP3,PCBP4,PTBP1"
CCUUCG,NOVA2
CCUUCU,PTBP1
CCUUUA,"ELAVL2,KHDRBS3,PTBP1"
CCUUUC,"PCBP1,PCBP3,PCBP3,PCBP4,PCBP4,PTBP1,PTBP1,PTBP2,ROD1"
CCUUUU,"CPEB2,CPEB3,ELAVL2,KHDRBS3,PTBP1,PTBP1,PTBP2,ROD1"
CGAAAC,SFRS1
CGAAAG,NCL
CGAAAU,NCL
CGAACA,PABPC1
CGAACC,PABPC1
CGAAGC,SFRS1
CGAAGU,NCL
CGAAUA,PABPC1
CGAAUC,PABPC1
CGACAA,FXR1
CGACAG,"SRSF4,SRSF6"
CGACCG,"SRSF4,SRSF6"
CGACGA,"FXR1,SFRS7,SRSF7"
CGACGG,SRSF7
CGAGAA,SFRS13A
CGAGAC,SFRS13A
CGAGAG,"SFRS13A,SFRS7"
CGAGAU,"SFRS2,SNRPA"
CGAGCC,KHDRBS3
CGAGCG,"KHDRBS3,ZC3H10"
CGAGCU,KHDRBS3
CGAGGA,"SFRS13A,SFRS2"
CGAGGC,"KHDRBS3,SFRS13A"
CGAGGG,"KHDRBS3,SFRS13A"
CGAGGU,"KHDRBS3,SFRS2"
CGAGUA,SFRS2
CGAGUU,"SFRS2,SFRS2"
CGAUAA,KHDRBS3
CGAUAC,STAR-PAP
CGAUAG,SFRS7
CGAUCC,KHDRBS3
CGAUCG,KHDRBS3
CGAUCU,KHDRBS3
CGAUGC,KHDRBS3
CGAUGG,KHDRBS3
CGAUGU,KHDRBS3
CGAUUA,KHDRBS3
CGCAGU,SNRPA
CGCAUC,NOVA2
CGCCUU,IGF2BP1
CGCGCA,SFRS1
CGCGCC,"PPRC1,RBM4,RBM4,RBM4B"
CGCGCG,"PPRC1,RBM4,RBM4,RBM4,RBM4,RBM4B,RBM4B,RBM8A,SFRS1"
CGCGGC,"RBM4,RBM4,RBM4B"
CGCGGG,"RBM4,RBM4,RBM4,RBM4,RBM4B,RBM4B"
CGCGUU,IGF2BP1
CGCUAA,KHDRBS3
CGCUUC,NOVA2
CGGAAA,EIF4B
CGGAAC,"EIF4B,SFRS1"
CGGACA,"ENOX1,ENOX2"
CGGAGA,"LIN28A,LIN28B"
CGGAGC,SFRS1
CGGAGG,"LIN28A,LIN28B"
CGGAGU,"LIN28A,LIN28B,NOVA2"
CGGCGA,"SRSF4,SRSF6"
CGGCGC,PPRC1
CGGGAA,EIF4B
CGGGAC,"EIF4B,SAMD4A,SAMD4B"
CGGGCC,"KHDRBS3,SAMD4A,SAMD4B"
CGGGCG,KHDRBS3
CGGGCU,KHDRBS3
CGGGGC,KHDRBS3
CGGGGG,KHDRBS3
CGGGGU,KHDRBS3
CGGUCC,KHDRBS3
CGGUCG,KHDRBS3
CGGUCU,KHDRBS3
CGGUGC,KHDRBS3
CGGUGG,KHDRBS3
CGGUGU,KHDRBS3
CGUCAA,NOVA2
CGUCAC,NOVA2
CGUCAG,NOVA2
CGUCCA,NOVA2
CGUCCC,NOVA2
CGUCCG,NOVA2
CGUGAA,NOVA2
CGUGAC,NOVA2
CGUGAG,NOVA2
CGUGCA,NOVA2
CGUGCC,NOVA2
CGUGCG,NOVA2
CGUUAA,"KHDRBS3,NOVA2"
CGUUAC,NOVA2
CGUUAG,NOVA2
CGUUCA,NOVA2
CGUUCC,NOVA2
CGUUCG,NOVA2
CGUUUA,KHDRBS3
CUAAAA,KHDRBS3
CUAAAU,KHDRBS3
CUAACA,"PABPC1,QKI,QKI"
CUAACC,"PABPC1,PCBP1,PCBP3,PCBP4,QKI,QKI"
CUAACU,QKI
CUAAUA,"PABPC1,QKI"
CUAAUC,"PABPC1,QKI"
CUAAUU,QKI
CUACAC,PTBP1
CUACAU,PTBP1
CUACCC,PTBP1
CUACCU,PTBP1
CUACGA,SFRS7
CUACUC,PTBP1
CUACUU,PTBP1
CUAGCC,KHDRBS3
CUAGCG,KHDRBS3
CUAGCU,KHDRBS3
CUAGGC,KHDRBS3
CUAGGG,KHDRBS3
CUAGGU,KHDRBS3
CUAUAA,KHDRBS3
CUAUAC,PTBP1
CUAUAU,PTBP1
CUAUCC,"KHDRBS3,PCBP1,PCBP3,PCBP3,PCBP4,PCBP4,PTBP1"
CUAUCG,KHDRBS3
CUAUCU,"KHDRBS3,PTBP1"
CUAUGC,KHDRBS3
CUAUGG,KHDRBS3
CUAUGU,KHDRBS3
CUAUUA,KHDRBS3
CUAUUC,PTBP1
CUAUUU,PTBP1
CUCAAC,"NOVA2,QKI"
CUCAAU,QKI
CUCACA,PTBP1
CUCACC,"NOVA2,PTBP1"
CUCACU,PTBP1
CUCAGC,NOVA2
CUCAUA,PTBP1
CUCAUC,PTBP1
CUCAUU,"ELAVL2,PTBP1"
CUCCAC,"NOVA2,PTBP1"
CUCCAU,PTBP1
CUCCCA,PTBP1
CUCCCC,"NOVA2,PCBP2,PCBP3,PCBP4,PTBP1"
CUCCCU,PTBP1
CUCCGA,KHDRBS3
CUCCGC,NOVA2
CUCCGU,KHDRBS3
CUCCUA,"KHDRBS3,PTBP1"
CUCCUC,PTBP1
CUCCUU,"ELAVL2,KHDRBS3,PTBP1"
CUCGAU,KHDRBS3
CUCGCU,KHDRBS3
CUCGUU,KHDRBS3
CUCUAA,KHDRBS3
CUCUAC,PTBP1
CUCUAU,"KHDRBS3,PTBP1"
CUCUCA,PTBP1
CUCUCC,PTBP1
CUCUCU,"KHDRBS3,PTBP1"
CUCUGA,KHDRBS3
CUCUGU,KHDRBS3
CUCUUA,"KHDRBS3,PTBP1"
CUCUUC,PTBP1
CUCUUU,"KHDRBS3,KHDRBS3,PTBP1"
CUGAAA,EIF4B
CUGAAC,"EIF4B,NOVA2"
CUGACC,NOVA2
CUGAGC,"KHDRBS3,NOVA2"
CUGAGG,KHDRBS3
CUGAUC,KHDRBS3
CUGAUG,KHDRBS3
CUGAUU,KHDRBS3
CUGCAC,NOVA2
CUGCAU,"RBFOX2,RBFOX3"
CUGCCC,NOVA2
CUGCGA,KHDRBS3
CUGCGC,NOVA2
CUGCGU,KHDRBS3
CUGCUA,"KHDRBS3,SNRPA"
CUGCUU,KHDRBS3
CUGGAA,"EIF4B,EIF4B"
CUGGAC,"EIF4B,EIF4B,SAMD4A,SAMD4B"
CUGGCC,"KHDRBS3,SAMD4A,SAMD4B"
CUGGCG,"KHDRBS3,SRSF4,SRSF6"
CUGGCU,KHDRBS3
CUGGGC,KHDRBS3
CUGGGG,KHDRBS3
CUGGGU,KHDRBS3
CUGGUC,KHDRBS3
CUGGUG,KHDRBS3
CUGUCC,KHDRBS3
CUGUCG,KHDRBS3
CUGUCU,KHDRBS3
CUGUGA,KHDRBS3
CUGUGC,KHDRBS3
CUGUGG,KHDRBS3
CUGUGU,KHDRBS3
CUGUUA,"KHDRBS3,SNRPA"
CUGUUU,KHDRBS3
CUUAAA,KHDRBS3
CUUAAC,"NOVA2,QKI"
CUUAAG,ZCRB1
CUUAAU,"KHDRBS3,QKI,ZCRB1"
CUUACA,PTBP1
CUUACC,"NOVA2,PCBP1,PCBP3,PCBP4,PTBP1"
CUUACU,PTBP1
CUUAGC,"KHDRBS3,NOVA2"
CUUAGG,KHDRBS3
CUUAUA,PTBP1
CUUAUC,"KHDRBS3,PTBP1"
CUUAUG,KHDRBS3
CUUAUU,"ELAVL2,KHDRBS3,PTBP1"
CUUCAC,"NOVA2,PTBP1"
CUUCAU,"NOVA2,PTBP1"
CUUCCA,PTBP1
CUUCCC,"NOVA2,PCBP2,PCBP3,PCBP4,PTBP1"
CUUCCU,PTBP1
CUUCGC,NOVA2
CUUCUA,PTBP1
CUUCUC,PTBP1
CUUCUU,"ELAVL2,PTBP1"
CUUGGC,KHDRBS3
CUUGGG,KHDRBS3
CUUGUC,KHDRBS3
CUUGUG,KHDRBS3
CUUUAA,KHDRBS3
CUUUAC,PTBP1
CUUUAU,"ELAVL2,PTBP1"
CUUUCA,PTBP1
CUUUCC,"PCBP1,PCBP3,PCBP3,PCBP3,PCBP3,PCBP4,PCBP4,PCBP4,PCBP4,PTBP1"
CUUUCU,"PTBP1,PTBP1,PTBP1,PTBP2,PTBP2,ROD1,ROD1"
CUUUUA,"KHDRBS3,PTBP1"
CUUUUC,"PCBP3,PCBP4,PTBP1,PTBP1,PTBP2,ROD1"
CUUUUU,"CPEB2,CPEB3,CPEB3,CPEB4,ELAVL2,KHDRBS3,PTBP1,PTBP1,PTBP1,PTBP2,PTBP2,ROD1,ROD1"
GAAAAA,"ENSG00000250177,PABPC1,PABPC1L,SART3"
GAAAAC,"PABPC1L,PABPC3"
GAAAAU,PABPC5
GAAAGC,NCL
GAAAUC,"NCL,PTBP1"
GAAAUU,"PABPC5,PTBP1"
GAACAC,CSDA
GAACAU,"CSDA,NOVA2"
GAACUC,PTBP1
GAACUU,"NOVA2,PTBP1"
GAAGAA,"PABPN1,PABPN1L,SFRS1"
GAAGAC,"PABPN1,PABPN1L"
GAAGAG,"PABPN1,PABPN1L,SFRS1"
GAAGAU,"PABPN1,PABPN1L"
GAAGCA,SRSF9
GAAGCC,SRSF9
GAAGGA,"RBM5,RBM5,SFRS1,SRSF1,SRSF9"
GAAGGC,SRSF9
GAAGGG,"RBM5,SFRS1,SRSF1"
GAAGGU,RBM5
GAAGUA,NCL
GAAUAC,YTHDC1
GAAUCC,YTHDC1
GAAUGA,TARDBP
GAAUGC,YTHDC1
GAAUUA,ZCRB1
GAAUUC,PTBP1
GAAUUU,PTBP1
GACAAA,"FXR2,SFRS1"
GACAAG,"FMR1,FXR2"
GACAGA,"CNOT4,FXR2,SFRS1"
GACAGG,"FMR1,FXR2"
GACAUC,PTBP1
GACAUU,PTBP1
GACCAA,QKI
GACCAC,CSDA
GACCAU,"CSDA,NOVA2"
GACCUC,PTBP1
GACCUU,"NOVA2,PTBP1"
GACGAA,"ANKHD1,ANKRD17,ENSG00000249536,FXR2,RBM45,SFRS1"
GACGAC,"RBM45,SFRS7,SRSF7"
GACGAG,FXR2
GACGAU,"ANKHD1,ANKRD17,ENSG00000249536,SFRS7"
GACGGA,"FXR2,SFRS1"
GACGGG,FXR2
GACGUA,"ANKHD1,ANKRD17,ENSG00000249536"
GACGUU,"ANKHD1,ANKRD17,ENSG00000249536"
GACUAA,QKI
GACUAC,SFRS7
GACUUA,ZCRB1
GACUUC,PTBP1
GACUUU,PTBP1
GAGAAA,"BX511012.1,BX511012.1,BX511012.1,BX511012.1,ENSG00000180771,Fusip1,Fusip1,Fusip1,Fusip1,SRSF12,SRSF12,SRSF12,SRSF12,SRSF2"
GAGAAC,"BX511012.1,BX511012.1,Fusip1,Fusip1,SFRS13A,SRSF12,SRSF12"
GAGAAG,"BX511012.1,BX511012.1,ENSG00000180771,Fusip1,Fusip1,SFRS13A,SRSF12,SRSF12,SRSF2"
GAGAAU,SFRS13A
GAGACA,"BX511012.1,Fusip1,SRSF12"
GAGACC,"BX511012.1,Fusip1,SFRS13A,SRSF12"
GAGACG,SFRS13A
GAGACU,SFRS13A
GAGAGA,"BX511012.1,BX511012.1,ENSG00000180771,Fusip1,Fusip1,SFRS2,SFRS7,SRSF12,SRSF12,SRSF2"
GAGAGC,SFRS13A
GAGAGG,"BX511012.1,BX511012.1,ENSG00000180771,Fusip1,Fusip1,SFRS13A,SRSF12,SRSF12,SRSF2"
GAGAGU,"NOVA2,SFRS13A,SFRS2"
GAGAUA,"ENSG00000180771,SRSF2"
GAGAUG,"ENSG00000180771,SRSF2"
GAGCAG,SNRPA
GAGCAU,NOVA2
GAGCGA,ZC3H10
GAGCGC,ZC3H10
GAGCUU,NOVA2
GAGGAA,"BX511012.1,Fusip1,SRSF1,SRSF1,SRSF1,SRSF1,SRSF12,SRSF4,SRSF6"
GAGGAC,"SFRS13A,SRSF1,SRSF1,SRSF1,SRSF1,SRSF4,SRSF6"
GAGGAG,"BX511012.1,Fusip1,SFRS13A,SRSF1,SRSF1,SRSF1,SRSF12,SRSF4,SRSF6"
GAGGAU,SFRS13A
GAGGCC,SFRS13A
GAGGCG,SFRS13A
GAGGCU,SFRS13A
GAGGGA,"BX511012.1,Fusip1,RBM5,SRSF1,SRSF1,SRSF1,SRSF1,SRSF12,SRSF4,SRSF6"
GAGGGC,"SFRS13A,SRSF1,SRSF1,SRSF1,SRSF4,SRSF6"
GAGGGG,"BX511012.1,Fusip1,SFRS13A,SRSF1,SRSF1,SRSF12,SRSF4,SRSF6"
GAGGGU,"RBM5,SFRS13A"
GAGUAA,"ENSG00000180771,MEX3B,MEX3C,MEX3D,SRSF2"
GAGUAC,YTHDC1
GAGUAG,"ENSG00000180771,RBM28,SRSF2"
GAGUAU,"MEX3B,MEX3C,MEX3D"
GAGUCA,NOVA2
GAGUCC,YTHDC1
GAGUGA,"ENSG00000180771,RBM24,RBM38,SRSF2"
GAGUGC,YTHDC1
GAGUGG,"ENSG00000180771,SRSF2"
GAGUGU,"RBM24,RBM38,RBM38,RBM38"
GAGUUA,"ENSG00000180771,SRSF2"
GAGUUG,"ENSG00000180771,SRSF2"
GAUAAA,"KHDRBS2,KHDRBS3,KHDRBS3"
GAUACC,SNRPA
GAUACG,"CIRBP,RBM3"
GAUACU,"CIRBP,RBM3,STAR-PAP"
GAUAGA,SFRS7
GAUAUC,PTBP1
GAUAUU,PTBP1
GAUCAA,"NOVA2,QKI,RBM46,RBM47,SNRNP70,SRSF4,SRSF6"
GAUCAC,NOVA2
GAUCAG,NOVA2
GAUCAU,"RBM46,RBM47"
GAUCCA,NOVA2
GAUCCC,NOVA2
GAUCCG,NOVA2
GAUCUC,PTBP1
GAUCUU,PTBP1
GAUGAA,"NOVA2,RBM46,RBM47,RBM47,RBM47"
GAUGAC,NOVA2
GAUGAG,NOVA2
GAUGAU,"RBM46,RBM47,RBM47,RBM47"
GAUGCA,"NOVA2,SRSF9"
GAUGCC,"NOVA2,SRSF9"
GAUGCG,NOVA2
GAUGCU,SNRPA
GAUGGA,"SF3B4,SRSF9"
GAUGGC,SRSF9
GAUUAA,"KHDRBS3,NOVA2,QKI"
GAUUAC,NOVA2
GAUUAG,NOVA2
GAUUCA,NOVA2
GAUUCC,"NOVA2,SNRPA"
GAUUCG,NOVA2
GAUUUC,PTBP1
GAUUUU,PTBP1
GCAAAA,SF3B4
GCACAC,hnRNPLL
GCACAU,NOVA2
GCACCC,IGF2BP1
GCACGC,"hnRNPLL,IGF2BP1"
GCACUU,NOVA2
GCAGAG,"NOVA2,SFRS2"
GCAGCG,ZC3H10
GCAGGA,EIF4B
GCAGUA,SNRPA
GCAUAC,YTHDC1
GCAUCA,NOVA2
GCAUCC,"IGF2BP1,NOVA2,YTHDC1"
GCAUGA,"A2BP1,EIF2S1,NOVA2,RBFOX2,RBFOX2,RBFOX2,RBFOX3,RBFOX3,RBFOX3"
GCAUGC,"A2BP1,EIF2S1,IGF2BP1,NOVA2,RBFOX2,RBFOX2,RBFOX2,RBFOX3,RBFOX3,RBFOX3,YTHDC1"
GCAUGG,"RBFOX2,RBFOX3"
GCAUUA,NOVA2
GCAUUC,NOVA2
GCCACA,CSDA
GCCAGA,CSDA
GCCAUA,CSDA
GCCCAA,QKI
GCCCAU,NOVA2
GCCCGA,NCL
GCCCUU,NOVA2
GCCGGA,EIF4B
GCCUAA,QKI
GCCUCA,NOVA2
GCCUCC,NOVA2
GCCUGA,NOVA2
GCCUGC,NOVA2
GCCUUA,NOVA2
GCCUUC,NOVA2
GCGACA,"SRSF4,SRSF6"
GCGACC,"SRSF4,SRSF6"
GCGAUU,KHDRBS3
GCGCAG,SNRPA
GCGCAU,NOVA2
GCGCGC,"PPRC1,RBM4,RBM4,RBM4,RBM4,RBM4B,RBM4B,RBM8A"
GCGCGG,"RBM4,RBM4,RBM4,RBM4,RBM4B,RBM4B"
GCGCUU,NOVA2
GCGGAA,EIF4B
GCGGAG,NOVA2
GCGGGA,"EIF4B,SAMD4A,SAMD4B"
GCGGGC,"SAMD4A,SAMD4B"
GCGUAC,YTHDC1
GCGUCA,NOVA2
GCGUCC,"NOVA2,YTHDC1"
GCGUGA,"NOVA2,SF3B4"
GCGUGC,"NOVA2,YTHDC1"
GCGUUA,NOVA2
GCGUUC,NOVA2
GCGUUU,KHDRBS3
GCUAAA,KHDRBS3
GCUAUU,KHDRBS3
GCUCAA,"NOVA2,QKI"
GCUCAC,NOVA2
GCUCAG,NOVA2
GCUCCA,NOVA2
GCUCCC,NOVA2
GCUCCG,NOVA2
GCUGAA,"EIF4B,NOVA2"
GCUGAC,NOVA2
GCUGAG,NOVA2
GCUGCA,NOVA2
GCUGCC,NOVA2
GCUGCG,"NOVA2,YBX1"
GCUGGA,"EIF4B,EIF4B,SAMD4A,SAMD4B"
GCUGGC,"SAMD4A,SAMD4B"
GCUUAA,"NOVA2,QKI"
GCUUAC,NOVA2
GCUUAG,NOVA2
GCUUCA,NOVA2
GCUUCC,NOVA2
GCUUCG,NOVA2
GCUUGC,"MBNL1,MBNL2,MBNL3"
GCUUUU,KHDRBS3
GGAAAG,ZFP36
GGAAGA,SFRS1
GGAAGC,SRSF9
GGAAGG,"SFRS1,SRSF9"
GGAAUG,TARDBP
GGACAA,"FMR1,FXR2,SFRS1,SRSF1"
GGACAC,SRSF1
GGACAG,"ENOX1,ENOX2,FMR1,FXR2,SFRS1,SRSF1"
GGACGA,"FXR2,SFRS1"
GGACGG,"FXR2,SFRS1"
GGAGAA,"ENSG00000180771,LIN28A,LIN28B,SRSF2,SRSF9"
GGAGAG,"ENSG00000180771,NOVA2,SFRS2,SRSF2"
GGAGAU,"ENSG00000180771,SNRPA,SRSF2"
GGAGCA,"SRSF9,SRSF9"
GGAGCC,SRSF9
GGAGCG,ZC3H10
GGAGGA,"LIN28A,LIN28B,SRSF1,SRSF1,SRSF1,SRSF1,SRSF1,SRSF4,SRSF6,SRSF9"
GGAGGC,SRSF9
GGAGGG,"HNRNPF,HNRNPH1,HNRNPH2,LIN28A,LIN28B,SRSF1,SRSF1,SRSF1,SRSF1,SRSF4,SRSF6"
GGAGUA,"ENSG00000180771,LIN28A,LIN28B,SRSF2"
GGAGUC,NOVA2
GGAGUG,"ENSG00000180771,SRSF2"
GGAGUU,"ENSG00000180771,SRSF2"
GGAUAA,G3BP2
GGAUAG,"G3BP2,HNRPDL"
GGAUCA,NOVA2
GGAUCC,NOVA2
GGAUGA,"G3BP2,NOVA2"
GGAUGC,"NOVA2,SNRPA,SRSF9"
GGAUGG,"G3BP2,SRSF9"
GGAUUA,NOVA2
GGAUUC,NOVA2
GGCAGU,SNRPA
GGCGAC,"SRSF4,SRSF6"
GGCGCC,PPRC1
GGCGCG,PPRC1
GGCUCA,NOVA2
GGCUCC,NOVA2
GGCUGA,NOVA2
GGCUGC,NOVA2
GGCUUA,NOVA2
GGCUUC,NOVA2
GGGAAU,"ESRP1,ESRP2"
GGGAGC,SRSF9
GGGAGG,"HNRNPF,HNRNPH1,HNRNPH2,SRSF9"
GGGAGU,NOVA2
GGGAUG,SNRPA
GGGCAG,SNRPA
GGGCGC,PPRC1
GGGGAC,SRSF1
GGGGAG,"NOVA2,SRSF1"
GGGGAU,"ESRP1,ESRP2,SNRPA"
GGGGGA,SRSF1
GGGUAU,SNRPA
GGGUCA,NOVA2
GGGUCC,NOVA2
GGGUGA,NOVA2
GGGUGC,"NOVA2,SRSF9"
GGGUGG,SRSF9
GGGUGU,RBM38
GGGUUA,NOVA2
GGGUUC,NOVA2
GGUAUG,SNRPA
GGUCAA,"NOVA2,SRSF4,SRSF6"
GGUCAC,NOVA2
GGUCAG,NOVA2
GGUCCA,NOVA2
GGUCCC,NOVA2
GGUCCG,NOVA2
GGUGAA,NOVA2
GGUGAC,NOVA2
GGUGAG,NOVA2
GGUGCA,"NOVA2,SRSF9"
GGUGCC,"NOVA2,SRSF9"
GGUGCG,NOVA2
GGUGGA,SRSF9
GGUGGC,SRSF9
GGUGUG,RBM38
GGUGUU,RBM38
GGUUAA,NOVA2
GGUUAC,NOVA2
GGUUAG,NOVA2
GGUUCA,NOVA2
GGUUCC,NOVA2
GGUUCG,NOVA2
GUAAAG,ZFP36
GUAGGA,EIF4B
GUAGGC,SNRPA
GUAGGG,"ENSG00000215492,ENSG00000215492,ENSG00000215492,ENSG00000231942,ENSG00000231942,HNRNPA1,HNRNPA1L2,HNRNPA2B1,HNRNPA3,HNRNPA3,HNRNPA3,SNRPA"
GUAGUC,SNRPA
GUAGUG,"PSPC1,SFPQ,SNRPA"
GUAGUU,"PSPC1,SFPQ"
GUAUGC,SNRPA
GUCAAC,"NOVA2,SRSF4,SRSF6"
GUCACC,NOVA2
GUCAGC,NOVA2
GUCAUA,NOVA2
GUCAUC,NOVA2
GUCAUU,NOVA2
GUCCAA,QKI
GUCCAC,NOVA2
GUCCCC,NOVA2
GUCCGC,NOVA2
GUCGGA,EIF4B
GUCUAA,QKI
GUGAAC,NOVA2
GUGACC,NOVA2
GUGAGC,NOVA2
GUGAUU,KHDRBS3
GUGCAC,NOVA2
GUGCAU,"RBFOX2,RBFOX3"
GUGCCC,NOVA2
GUGCGC,"NOVA2,RBM8A"
GUGGAA,EIF4B
GUGGGA,EIF4B
GUGGGG,"BRUNOL6,CELF3"
GUGGUG,"BRUNOL6,CELF3,PSPC1,SFPQ"
GUGGUU,"PSPC1,SFPQ"
GUGUAG,RBM28
GUGUGA,"RBM24,RBM38,RBM38,RBM38,SF3B4"
GUGUGG,"BRUNOL4,BRUNOL5,BRUNOL6,CELF3,CELF3,CELF3,RBM38"
GUGUGU,"BRUNOL4,BRUNOL5,CELF3,CELF3,CELF3,RBM24,RBM38,RBM38,RBM38,RBM38"
GUGUUG,"BRUNOL4,BRUNOL5,BRUNOL6,CELF3,CELF3,CELF3"
GUGUUU,"BRUNOL4,BRUNOL5,CELF3,CELF3,KHDRBS3"
GUUAAA,KHDRBS3
GUUAAC,NOVA2
GUUACC,"NOVA2,SNRPA"
GUUAGC,NOVA2
GUUAUU,KHDRBS3
GUUCAA,"QKI,SNRNP70"
GUUCAC,NOVA2
GUUCCA,"SFRS2,SFRS2"
GUUCCC,NOVA2
GUUCGA,"SFRS2,SFRS2"
GUUCGC,NOVA2
GUUCGU,ZNF638
GUUCUU,ZNF638
GUUGAA,EIF4B
GUUGGA,"EIF4B,EIF4B,SF3B4"
GUUGGU,ZNF638
GUUGUG,CELF3
GUUGUU,ZNF638
GUUUAA,"KHDRBS3,QKI"
GUUUCC,SNRPA
GUUUGG,CPEB3
GUUUGU,CPEB3
GUUUUG,CPEB3
GUUUUU,"CPEB3,KHDRBS3"
UAAAAA,"KHDRBS1,KHDRBS3"
UAAAAG,KHDRBS1
UAAAAU,KHDRBS3
UAAACA,KHDRBS3
UAAACC,KHDRBS3
UAAACG,KHDRBS3
UAAAGA,"KHDRBS3,ZFP36"
UAAAGC,KHDRBS3
UAAAGG,KHDRBS3
UAAAUA,"KHDRBS3,ZFP36"
UAAAUU,KHDRBS3
UAACAC,"CSDA,QKI"
UAACAG,KHDRBS3
UAACAU,"CSDA,KHDRBS3,NOVA2,QKI"
UAACCC,QKI
UAACCG,KHDRBS3
UAACCU,"KHDRBS3,QKI"
UAACUC,QKI
UAACUG,KHDRBS3
UAACUU,"KHDRBS3,NOVA2,QKI"
UAAGGA,ZFP36
UAAGUA,ZFP36
UAAUAC,"QKI,YTHDC1"
UAAUAG,KHDRBS3
UAAUAU,"KHDRBS3,QKI"
UAAUCC,"QKI,YTHDC1"
UAAUCG,KHDRBS3
UAAUCU,"KHDRBS3,QKI"
UAAUGC,YTHDC1
UAAUUA,A1CF
UAAUUC,QKI
UAAUUG,"A1CF,KHDRBS3"
UAAUUU,"KHDRBS3,QKI,SF3B4"
UACACC,PTBP1
UACACU,PTBP1
UACAUC,PTBP1
UACAUU,"PTBP1,RBM41"
UACCAA,QKI
UACCAC,CSDA
UACCAG,SNRPA
UACCAU,"CSDA,NOVA2"
UACCCC,PTBP1
UACCCU,PTBP1
UACCGA,KHDRBS3
UACCGU,KHDRBS3
UACCUA,KHDRBS3
UACCUC,PTBP1
UACCUG,SNRPA
UACCUU,"KHDRBS3,NOVA2,PTBP1"
UACGAU,SFRS7
UACUAA,"QKI,QKI"
UACUCC,PTBP1
UACUCU,PTBP1
UACUGA,KHDRBS3
UACUGU,KHDRBS3
UACUUA,KHDRBS3
UACUUC,PTBP1
UACUUU,"KHDRBS3,PTBP1,RBM41"
UAGACA,SFRS1
UAGACG,SFRS1
UAGAGC,KHDRBS3
UAGAGG,KHDRBS3
UAGAUA,HNRPDL
UAGAUC,KHDRBS3
UAGAUG,KHDRBS3
UAGCAC,SNRPB2
UAGCAU,NOVA2
UAGCGA,KHDRBS3
UAGCGU,KHDRBS3
UAGCUA,KHDRBS3
UAGCUU,"KHDRBS3,NOVA2"
UAGGAA,EIF4B
UAGGAC,EIF4B
UAGGGA,"ENSG00000215492,ENSG00000215492,ENSG00000215492,ENSG00000231942,ENSG00000231942,HNRNPA1,HNRNPA1,HNRNPA1L2,HNRNPA2B1,HNRNPA3,HNRNPA3,HNRNPA3"
UAGGGC,KHDRBS3
UAGGGG,KHDRBS3
UAGGGU,"ENSG00000215492,ENSG00000231942,HNRNPA1,HNRNPA1L2,HNRNPA3"
UAGGUA,DAZAP1
UAGGUC,KHDRBS3
UAGGUG,KHDRBS3
UAGGUU,ELAVL3
UAGUAA,"MSI1,MSI1,MSI2,MSI2"
UAGUAC,YTHDC1
UAGUAG,"MSI1,MSI1,MSI2,MSI2"
UAGUCC,YTHDC1
UAGUGA,KHDRBS3
UAGUGC,YTHDC1
UAGUGG,"PSPC1,SFPQ"
UAGUGU,"KHDRBS3,PSPC1,SFPQ"
UAGUUA,"KHDRBS3,MSI1,MSI1,MSI2,MSI2"
UAGUUG,"MSI1,MSI1,MSI2,MSI2,PSPC1,SFPQ"
UAGUUU,"ELAVL1,ELAVL3,KHDRBS3,PSPC1,SFPQ"
UAUAAA,"KHDRBS3,KHDRBS3"
UAUAAU,KHDRBS3
UAUACC,PTBP1
UAUACU,PTBP1
UAUAGA,"ENSG00000213250,RBMS2,RBMS3"
UAUAGC,"ENSG00000213250,KHDRBS3,RBMS2,RBMS3"
UAUAGG,KHDRBS3
UAUAUA,"ENSG00000213250,ENSG00000213250,ENSG00000213250,RBMS1,RBMS2,RBMS2,RBMS2,RBMS3,RBMS3"
UAUAUC,"ENSG00000213250,ENSG00000213250,KHDRBS3,PTBP1,RBMS1,RBMS2,RBMS2,RBMS3"
UAUAUG,KHDRBS3
UAUAUU,"ELAVL2,PTBP1"
UAUCAA,QKI
UAUCCC,"PCBP3,PCBP4,PTBP1"
UAUCCU,PTBP1
UAUCUC,PTBP1
UAUCUU,PTBP1
UAUGCU,SNRPA
UAUGGA,SF3B4
UAUGGC,KHDRBS3
UAUGGG,KHDRBS3
UAUGUC,KHDRBS3
UAUGUG,KHDRBS3
UAUUAA,"KHDRBS3,KHDRBS3,QKI"
UAUUAU,KHDRBS3
UAUUCA,KHDRBS3
UAUUCC,PTBP1
UAUUCG,ELAVL2
UAUUCU,"ELAVL2,KHDRBS3,PTBP1"
UAUUUA,"ELAVL2,ELAVL2,KHDRBS3,ZFP36"
UAUUUC,PTBP1
UAUUUG,ELAVL2
UAUUUU,"ELAVL1,ELAVL2,ELAVL2,ELAVL2,ELAVL3,KHDRBS3,PTBP1,SF3B4"
UCAAAA,SF3B4
UCAACA,"NOVA2,QKI,SRSF3"
UCAACC,"QKI,SRSF4,SRSF6"
UCAACG,"SRSF3,SRSF3"
UCAACU,"NOVA2,QKI"
UCAAUA,QKI
UCAAUC,QKI
UCAAUU,QKI
UCACAC,"NOVA2,PTBP1"
UCACAU,"NOVA2,PTBP1"
UCACCA,NOVA2
UCACCC,"NOVA2,PTBP1"
UCACCU,"NOVA2,PTBP1"
UCACUC,PTBP1
UCACUU,"NOVA2,PTBP1"
UCAGCA,NOVA2
UCAGCU,NOVA2
UCAGGA,EIF4B
UCAUAC,"NOVA2,NOVA2,PTBP1,YTHDC1"
UCAUAG,NOVA2
UCAUAU,PTBP1
UCAUCA,NOVA2
UCAUCC,"NOVA2,NOVA2,PTBP1,YTHDC1"
UCAUCG,"NOVA2,SRSF3"
UCAUCU,PTBP1
UCAUGA,NOVA2
UCAUGC,"NOVA2,YTHDC1"
UCAUUA,NOVA2
UCAUUC,"NOVA2,NOVA2,PTBP1"
UCAUUG,NOVA2
UCAUUU,"ELAVL2,ELAVL2,PTBP1"
UCCAAC,QKI
UCCAAU,QKI
UCCACA,"NOVA2,PTBP1"
UCCACC,PTBP1
UCCACU,"NOVA2,PTBP1"
UCCAGA,SFRS2
UCCAGC,SNRPA
UCCAGG,SFRS2
UCCAGU,"SFRS2,SFRS2,SNRPA"
UCCAUA,PTBP1
UCCAUC,PTBP1
UCCAUU,PTBP1
UCCCAA,QKI
UCCCAC,PTBP1
UCCCAU,"NOVA2,PTBP1"
UCCCCA,"NOVA2,PTBP1"
UCCCCC,PTBP1
UCCCCU,"NOVA2,PTBP1"
UCCCGA,NCL
UCCCUA,PTBP1
UCCCUC,PTBP1
UCCCUU,"IGF2BP1,NOVA2,PTBP1"
UCCGAU,"KHDRBS3,KHDRBS3"
UCCGCA,NOVA2
UCCGCU,"KHDRBS3,NOVA2"
UCCGGA,EIF4B
UCCGUU,"IGF2BP1,KHDRBS3,KHDRBS3"
UCCUAA,QKI
UCCUAC,PTBP1
UCCUAU,"KHDRBS3,KHDRBS3,PTBP1"
UCCUCA,"NOVA2,PTBP1"
UCCUCC,"NOVA2,PTBP1"
UCCUCU,"KHDRBS3,PTBP1"
UCCUGA,NOVA2
UCCUGC,"NOVA2,SNRPA"
UCCUGU,SNRPA
UCCUUA,"NOVA2,PTBP1"
UCCUUC,"NOVA2,PTBP1"
UCCUUU,"ELAVL2,KHDRBS3,KHDRBS3,PTBP1"
UCGAGA,"SFRS2,SNRPA"
UCGAGC,KHDRBS3
UCGAGG,"KHDRBS3,SFRS2"
UCGAGU,"SFRS2,SFRS2"
UCGAUA,KHDRBS3
UCGAUC,KHDRBS3
UCGAUG,KHDRBS3
UCGCAU,NOVA2
UCGCUA,KHDRBS3
UCGCUU,NOVA2
UCGGAA,EIF4B
UCGGAC,EIF4B
UCGGGC,KHDRBS3
UCGGGG,KHDRBS3
UCGGUC,KHDRBS3
UCGGUG,KHDRBS3
UCGUAC,YTHDC1
UCGUCA,NOVA2
UCGUCC,"NOVA2,YTHDC1"
UCGUGA,"NOVA2,SF3B4"
UCGUGC,"NOVA2,YTHDC1"
UCGUUA,"KHDRBS3,NOVA2"
UCGUUC,NOVA2
UCUAAA,"KHDRBS3,KHDRBS3"
UCUAAC,QKI
UCUAAU,"KHDRBS3,QKI"
UCUACA,PTBP1
UCUACC,PTBP1
UCUACU,PTBP1
UCUAGC,KHDRBS3
UCUAGG,KHDRBS3
UCUAUA,"KHDRBS3,PTBP1"
UCUAUC,"KHDRBS3,PTBP1"
UCUAUG,KHDRBS3
UCUAUU,PTBP1
UCUCAA,QKI
UCUCAC,PTBP1
UCUCAU,PTBP1
UCUCCA,PTBP1
UCUCCC,PTBP1
UCUCCU,PTBP1
UCUCUA,"KHDRBS3,PTBP1"
UCUCUC,PTBP1
UCUCUU,PTBP1
UCUGAU,KHDRBS3
UCUGCG,YBX1
UCUGGA,EIF4B
UCUGGC,KHDRBS3
UCUGGG,KHDRBS3
UCUGUC,KHDRBS3
UCUGUG,KHDRBS3
UCUGUU,KHDRBS3
UCUUAA,QKI
UCUUAC,PTBP1
UCUUAU,"KHDRBS3,PTBP1"
UCUUCA,PTBP1
UCUUCC,PTBP1
UCUUCU,PTBP1
UCUUUA,"ELAVL2,KHDRBS3,PTBP1"
UCUUUC,PTBP1
UCUUUU,"ELAVL2,KHDRBS3,PTBP1"
UGAACA,NOVA2
UGAACU,NOVA2
UGAAUG,TARDBP
UGACAA,"FXR1,SFRS1"
UGACAG,SFRS1
UGACCA,NOVA2
UGACCU,NOVA2
UGACGA,"FXR1,SFRS1"
UGACGG,SFRS1
UGAGCA,NOVA2
UGAGCC,KHDRBS3
UGAGCG,KHDRBS3
UGAGCU,"KHDRBS3,NOVA2"
UGAGGC,KHDRBS3
UGAGGG,KHDRBS3
UGAGGU,KHDRBS3
UGAGUG,"RBM24,RBM38"
UGAUCA,NOVA2
UGAUCC,"KHDRBS3,NOVA2"
UGAUCG,KHDRBS3
UGAUCU,KHDRBS3
UGAUGA,NOVA2
UGAUGC,"KHDRBS3,NOVA2"
UGAUGG,KHDRBS3
UGAUGU,KHDRBS3
UGAUUA,"KHDRBS3,NOVA2"
UGAUUC,NOVA2
UGAUUU,"ELAVL1,ELAVL3"
UGCACA,"NOVA2,SNRPA,SNRPA,SNRPB2,SNRPB2"
UGCACC,SNRPA
UGCACG,"SNRPA,SNRPB2,SNRPB2"
UGCACU,"NOVA2,SNRPA,SNRPB2"
UGCAUG,"A2BP1,A2BP1,EIF2S1,RBFOX2,RBFOX2,RBFOX2,RBFOX3,RBFOX3,RBFOX3"
UGCCCA,NOVA2
UGCCCU,NOVA2
UGCCUU,IGF2BP1
UGCGAU,KHDRBS3
UGCGCA,NOVA2
UGCGCG,RBM8A
UGCGCU,NOVA2
UGCGUU,"IGF2BP1,KHDRBS3"
UGCUAU,KHDRBS3
UGCUCA,NOVA2
UGCUCC,NOVA2
UGCUGA,NOVA2
UGCUGC,NOVA2
UGCUUA,NOVA2
UGCUUC,NOVA2
UGCUUG,"MBNL1,MBNL2,MBNL3"
UGCUUU,KHDRBS3
UGGAAA,EIF4B
UGGAAC,EIF4B
UGGACA,SFRS1
UGGACG,SFRS1
UGGAGA,SNRPA
UGGAGU,SF3B4
UGGAUA,HNRPDL
UGGCGA,"SRSF4,SRSF6"
UGGGAA,"EIF4B,ESRP1,ESRP2"
UGGGAC,EIF4B
UGGGCC,KHDRBS3
UGGGCG,KHDRBS3
UGGGCU,KHDRBS3
UGGGGA,"ESRP1,ESRP2"
UGGGGC,KHDRBS3
UGGGGG,KHDRBS3
UGGGGU,KHDRBS3
UGGUCA,NOVA2
UGGUCC,"KHDRBS3,NOVA2"
UGGUCG,KHDRBS3
UGGUCU,KHDRBS3
UGGUGA,NOVA2
UGGUGC,"KHDRBS3,NOVA2"
UGGUGG,"KHDRBS3,PSPC1,SFPQ"
UGGUGU,"KHDRBS3,PSPC1,RBM38,SFPQ"
UGGUUA,NOVA2
UGGUUC,NOVA2
UGGUUG,"PSPC1,SFPQ"
UGGUUU,"ELAVL1,ELAVL3,PSPC1,SFPQ"
UGUAGA,RBM28
UGUAGU,RBM28
UGUGAU,KHDRBS3
UGUGGG,"BRUNOL6,CELF3"
UGUGGU,"BRUNOL6,CELF3"
UGUGUG,"BRUNOL4,BRUNOL5,BRUNOL6,CELF3,CELF3,CELF3,CELF3,RBM24,RBM38,RBM38,RBM38,RBM38,RBM38"
UGUGUU,"BRUNOL4,BRUNOL5,BRUNOL6,CELF3,CELF3,CELF3,KHDRBS3,RBM38"
UGUUAU,KHDRBS3
UGUUCC,SFRS2
UGUUCG,"SFRS2,ZNF638"
UGUUCU,ZNF638
UGUUGG,ZNF638
UGUUGU,"CELF3,ZNF638"
UGUUUA,KHDRBS3
UGUUUU,KHDRBS3
UUAAAA,KHDRBS3
UUAAAU,KHDRBS3
UUAACA,"KHDRBS3,NOVA2,QKI"
UUAACC,"KHDRBS3,QKI"
UUAACU,"KHDRBS3,NOVA2,QKI"
UUAAUA,"KHDRBS3,QKI"
UUAAUC,"KHDRBS3,QKI"
UUAAUU,"A1CF,KHDRBS3,QKI"
UUACAC,PTBP1
UUACAU,"PTBP1,RBM41"
UUACCA,"NOVA2,SNRPA"
UUACCC,PTBP1
UUACCU,"NOVA2,PTBP1,SNRPA"
UUACUC,PTBP1
UUACUU,"PTBP1,RBM41"
UUAGCA,"NOVA2,SNRPB2"
UUAGCC,KHDRBS3
UUAGCG,KHDRBS3
UUAGCU,"KHDRBS3,NOVA2"
UUAGGA,EIF4B
UUAGGC,KHDRBS3
UUAGGG,"ENSG00000215492,ENSG00000215492,ENSG00000215492,ENSG00000231942,ENSG00000231942,HNRNPA1,HNRNPA1L2,HNRNPA2B1,HNRNPA3,HNRNPA3,HNRNPA3,KHDRBS3"
UUAGGU,"ELAVL3,KHDRBS3"
UUAGUU,"ELAVL1,ELAVL3"
UUAUAC,PTBP1
UUAUAU,"ELAVL2,PTBP1"
UUAUCC,"KHDRBS3,PTBP1"
UUAUCG,KHDRBS3
UUAUCU,"KHDRBS3,PTBP1"
UUAUGC,KHDRBS3
UUAUGG,KHDRBS3
UUAUGU,KHDRBS3
UUAUUA,KHDRBS3
UUAUUC,"ELAVL2,PTBP1"
UUAUUU,"ELAVL1,ELAVL1,ELAVL2,ELAVL2,ELAVL2,ELAVL3,ELAVL3,PTBP1,SF3B4,ZFP36"
UUCAAC,QKI
UUCAAG,SNRNP70
UUCAAU,QKI
UUCACA,"NOVA2,PTBP1"
UUCACC,"NOVA2,PTBP1"
UUCACU,"NOVA2,PTBP1"
UUCAUA,"NOVA2,PTBP1"
UUCAUC,"NOVA2,PTBP1"
UUCAUU,"ELAVL2,PTBP1"
UUCCAA,QKI
UUCCAC,PTBP1
UUCCAG,"SFRS2,SFRS2,SNRPA"
UUCCAU,PTBP1
UUCCCA,"NOVA2,PTBP1"
UUCCCC,PTBP1
UUCCCU,"NOVA2,PCBP3,PCBP4,PTBP1"
UUCCGA,KHDRBS3
UUCCGU,KHDRBS3
UUCCUA,"KHDRBS3,PTBP1"
UUCCUC,PTBP1
UUCCUG,SNRPA
UUCCUU,"KHDRBS3,PTBP1"
UUCGAG,"SFRS2,SFRS2"
UUCGAU,KHDRBS3
UUCGCA,NOVA2
UUCGCU,"KHDRBS3,NOVA2"
UUCGGA,EIF4B
UUCGUU,KHDRBS3
UUCUAA,QKI
UUCUAC,PTBP1
UUCUAU,"KHDRBS3,PTBP1"
UUCUCA,PTBP1
UUCUCC,PTBP1
UUCUCU,"KHDRBS3,PTBP1"
UUCUGA,KHDRBS3
UUCUGU,KHDRBS3
UUCUUA,"KHDRBS3,PTBP1"
UUCUUC,PTBP1
UUCUUU,"ELAVL2,KHDRBS3,KHDRBS3,PTBP1"
UUGAAA,EIF4B
UUGAAC,EIF4B
UUGACA,SFRS1
UUGACG,SFRS1
UUGAGC,KHDRBS3
UUGAGG,KHDRBS3
UUGAUC,KHDRBS3
UUGAUG,KHDRBS3
UUGAUU,"ELAVL1,ELAVL3"
UUGCAC,"SNRPA,SNRPA,SNRPA,SNRPA,SNRPA,SNRPB2,SNRPB2"
UUGCAU,"RBFOX2,RBFOX3"
UUGCGA,KHDRBS3
UUGCGU,KHDRBS3
UUGCUA,KHDRBS3
UUGCUU,KHDRBS3
UUGGAA,"EIF4B,EIF4B"
UUGGAC,"EIF4B,EIF4B"
UUGGAG,SF3B4
UUGGCC,KHDRBS3
UUGGCG,KHDRBS3
UUGGCU,KHDRBS3
UUGGGC,KHDRBS3
UUGGGG,KHDRBS3
UUGGGU,KHDRBS3
UUGGUC,KHDRBS3
UUGGUG,KHDRBS3
UUGGUU,"ELAVL1,ELAVL1,ELAVL3,ELAVL3,ELAVL3"
UUGUCC,KHDRBS3
UUGUCG,KHDRBS3
UUGUCU,KHDRBS3
UUGUGA,"KHDRBS3,SF3B4"
UUGUGC,KHDRBS3
UUGUGG,KHDRBS3
UUGUGU,"CELF3,KHDRBS3,RBM38"
UUGUUA,KHDRBS3
UUGUUU,"ELAVL1,ELAVL1,ELAVL1,ELAVL3,ELAVL3,ELAVL3,KHDRBS3"
UUUAAA,"KHDRBS3,KHDRBS3"
UUUAAC,"KHDRBS3,KHDRBS3,QKI"
UUUAAG,ZFP36
UUUAAU,"KHDRBS3,KHDRBS3,KHDRBS3,QKI,ZFP36"
UUUACA,PTBP1
UUUACC,PTBP1
UUUACU,PTBP1
UUUAGC,KHDRBS3
UUUAGG,KHDRBS3
UUUAUA,"ELAVL2,KHDRBS3,PTBP1"
UUUAUC,"KHDRBS3,KHDRBS3,PTBP1"
UUUAUG,"KHDRBS3,ZFP36"
UUUAUU,"ELAVL1,ELAVL2,ELAVL2,ELAVL2,ELAVL3,KHDRBS3,PTBP1,ZFP36"
UUUCAA,"KHDRBS3,QKI"
UUUCAC,"KHDRBS3,PTBP1"
UUUCAU,"ELAVL2,KHDRBS3,PTBP1"
UUUCCA,"PTBP1,SNRPA"
UUUCCC,"PCBP3,PCBP3,PCBP3,PCBP4,PCBP4,PCBP4,PTBP1"
UUUCCU,"PCBP3,PCBP3,PCBP4,PCBP4,PTBP1,SNRPA"
UUUCUA,"KHDRBS3,PTBP1"
UUUCUC,"KHDRBS3,PTBP1"
UUUCUU,"KHDRBS3,PTBP1"
UUUGCA,"SNRPA,SNRPA,SNRPB2"
UUUGGA,"EIF4B,SF3B4"
UUUGGC,KHDRBS3
UUUGGG,"CPEB3,KHDRBS3"
UUUGGU,"ELAVL1,ELAVL3,ELAVL3"
UUUGUC,KHDRBS3
UUUGUG,"CELF3,CPEB3,KHDRBS3"
UUUGUU,"ELAVL1,ELAVL1,ELAVL1,ELAVL3,ELAVL3,ELAVL3"
UUUUAA,"KHDRBS3,KHDRBS3,QKI"
UUUUAC,"KHDRBS3,PTBP1"
UUUUAU,"ELAVL2,ELAVL2,ELAVL2,KHDRBS3,PTBP1"
UUUUCA,"KHDRBS3,PTBP1"
UUUUCC,"PCBP3,PCBP4,PTBP1,U2AF2"
UUUUCG,ELAVL2
UUUUCU,"ELAVL2,KHDRBS3,PTBP1,PTBP1,PTBP1,PTBP2,PTBP2,ROD1,ROD1"
UUUUGG,CPEB3
UUUUGU,CPEB3
UUUUUA,"ELAVL2,KHDRBS3,KHDRBS3,PTBP1"
UUUUUC,"ELAVL2,KHDRBS3,PCBP3,PCBP4,PTBP1,TIA1,U2AF2"
UUUUUG,"CPEB3,ELAVL2,HNRNPC,HNRNPCL1,RALY,TIA1"
UUUUUU,"CPEB2,CPEB3,CPEB3,CPEB3,CPEB4,ELAVL1,ELAVL1,ELAVL2,ELAVL3,ELAVL3,HNRNPC,HNRNPCL1,KHDRBS3,PTBP1,PTBP1,PTBP1,PTBP2,PTBP2,RALY,ROD1,ROD1,SF3B4,TIA1,TIA1,U2AF2"
